-- MySQL dump 10.13  Distrib 8.0.44, for Linux (x86_64)
--
-- Host: localhost    Database: vocab_quiz
-- ------------------------------------------------------
-- Server version	8.0.44-0ubuntu0.24.04.1

/*!40101 SET @OLD_CHARACTER_SET_CLIENT=@@CHARACTER_SET_CLIENT */;
/*!40101 SET @OLD_CHARACTER_SET_RESULTS=@@CHARACTER_SET_RESULTS */;
/*!40101 SET @OLD_COLLATION_CONNECTION=@@COLLATION_CONNECTION */;
/*!50503 SET NAMES utf8mb4 */;
/*!40103 SET @OLD_TIME_ZONE=@@TIME_ZONE */;
/*!40103 SET TIME_ZONE='+00:00' */;
/*!40014 SET @OLD_UNIQUE_CHECKS=@@UNIQUE_CHECKS, UNIQUE_CHECKS=0 */;
/*!40014 SET @OLD_FOREIGN_KEY_CHECKS=@@FOREIGN_KEY_CHECKS, FOREIGN_KEY_CHECKS=0 */;
/*!40101 SET @OLD_SQL_MODE=@@SQL_MODE, SQL_MODE='NO_AUTO_VALUE_ON_ZERO' */;
/*!40111 SET @OLD_SQL_NOTES=@@SQL_NOTES, SQL_NOTES=0 */;

--
-- Table structure for table `auth_group`
--

DROP TABLE IF EXISTS `auth_group`;
/*!40101 SET @saved_cs_client     = @@character_set_client */;
/*!50503 SET character_set_client = utf8mb4 */;
CREATE TABLE `auth_group` (
  `id` int NOT NULL AUTO_INCREMENT,
  `name` varchar(150) NOT NULL,
  PRIMARY KEY (`id`),
  UNIQUE KEY `name` (`name`)
) ENGINE=InnoDB DEFAULT CHARSET=utf8mb4 COLLATE=utf8mb4_0900_ai_ci;
/*!40101 SET character_set_client = @saved_cs_client */;

--
-- Dumping data for table `auth_group`
--

LOCK TABLES `auth_group` WRITE;
/*!40000 ALTER TABLE `auth_group` DISABLE KEYS */;
/*!40000 ALTER TABLE `auth_group` ENABLE KEYS */;
UNLOCK TABLES;

--
-- Table structure for table `auth_group_permissions`
--

DROP TABLE IF EXISTS `auth_group_permissions`;
/*!40101 SET @saved_cs_client     = @@character_set_client */;
/*!50503 SET character_set_client = utf8mb4 */;
CREATE TABLE `auth_group_permissions` (
  `id` bigint NOT NULL AUTO_INCREMENT,
  `group_id` int NOT NULL,
  `permission_id` int NOT NULL,
  PRIMARY KEY (`id`),
  UNIQUE KEY `auth_group_permissions_group_id_permission_id_0cd325b0_uniq` (`group_id`,`permission_id`),
  KEY `auth_group_permissio_permission_id_84c5c92e_fk_auth_perm` (`permission_id`),
  CONSTRAINT `auth_group_permissio_permission_id_84c5c92e_fk_auth_perm` FOREIGN KEY (`permission_id`) REFERENCES `auth_permission` (`id`),
  CONSTRAINT `auth_group_permissions_group_id_b120cbf9_fk_auth_group_id` FOREIGN KEY (`group_id`) REFERENCES `auth_group` (`id`)
) ENGINE=InnoDB DEFAULT CHARSET=utf8mb4 COLLATE=utf8mb4_0900_ai_ci;
/*!40101 SET character_set_client = @saved_cs_client */;

--
-- Dumping data for table `auth_group_permissions`
--

LOCK TABLES `auth_group_permissions` WRITE;
/*!40000 ALTER TABLE `auth_group_permissions` DISABLE KEYS */;
/*!40000 ALTER TABLE `auth_group_permissions` ENABLE KEYS */;
UNLOCK TABLES;

--
-- Table structure for table `auth_permission`
--

DROP TABLE IF EXISTS `auth_permission`;
/*!40101 SET @saved_cs_client     = @@character_set_client */;
/*!50503 SET character_set_client = utf8mb4 */;
CREATE TABLE `auth_permission` (
  `id` int NOT NULL AUTO_INCREMENT,
  `name` varchar(255) NOT NULL,
  `content_type_id` int NOT NULL,
  `codename` varchar(100) NOT NULL,
  PRIMARY KEY (`id`),
  UNIQUE KEY `auth_permission_content_type_id_codename_01ab375a_uniq` (`content_type_id`,`codename`),
  CONSTRAINT `auth_permission_content_type_id_2f476e4b_fk_django_co` FOREIGN KEY (`content_type_id`) REFERENCES `django_content_type` (`id`)
) ENGINE=InnoDB AUTO_INCREMENT=33 DEFAULT CHARSET=utf8mb4 COLLATE=utf8mb4_0900_ai_ci;
/*!40101 SET character_set_client = @saved_cs_client */;

--
-- Dumping data for table `auth_permission`
--

LOCK TABLES `auth_permission` WRITE;
/*!40000 ALTER TABLE `auth_permission` DISABLE KEYS */;
INSERT INTO `auth_permission` VALUES (1,'Can add log entry',1,'add_logentry'),(2,'Can change log entry',1,'change_logentry'),(3,'Can delete log entry',1,'delete_logentry'),(4,'Can view log entry',1,'view_logentry'),(5,'Can add permission',2,'add_permission'),(6,'Can change permission',2,'change_permission'),(7,'Can delete permission',2,'delete_permission'),(8,'Can view permission',2,'view_permission'),(9,'Can add group',3,'add_group'),(10,'Can change group',3,'change_group'),(11,'Can delete group',3,'delete_group'),(12,'Can view group',3,'view_group'),(13,'Can add user',4,'add_user'),(14,'Can change user',4,'change_user'),(15,'Can delete user',4,'delete_user'),(16,'Can view user',4,'view_user'),(17,'Can add content type',5,'add_contenttype'),(18,'Can change content type',5,'change_contenttype'),(19,'Can delete content type',5,'delete_contenttype'),(20,'Can view content type',5,'view_contenttype'),(21,'Can add session',6,'add_session'),(22,'Can change session',6,'change_session'),(23,'Can delete session',6,'delete_session'),(24,'Can view session',6,'view_session'),(25,'Can add 單字',7,'add_vocabulary'),(26,'Can change 單字',7,'change_vocabulary'),(27,'Can delete 單字',7,'delete_vocabulary'),(28,'Can view 單字',7,'view_vocabulary'),(29,'Can add 使用者錯誤紀錄',8,'add_usererror'),(30,'Can change 使用者錯誤紀錄',8,'change_usererror'),(31,'Can delete 使用者錯誤紀錄',8,'delete_usererror'),(32,'Can view 使用者錯誤紀錄',8,'view_usererror');
/*!40000 ALTER TABLE `auth_permission` ENABLE KEYS */;
UNLOCK TABLES;

--
-- Table structure for table `auth_user`
--

DROP TABLE IF EXISTS `auth_user`;
/*!40101 SET @saved_cs_client     = @@character_set_client */;
/*!50503 SET character_set_client = utf8mb4 */;
CREATE TABLE `auth_user` (
  `id` int NOT NULL AUTO_INCREMENT,
  `password` varchar(128) NOT NULL,
  `last_login` datetime(6) NOT NULL,
  `is_superuser` tinyint(1) NOT NULL,
  `username` varchar(150) NOT NULL,
  `first_name` varchar(150) NOT NULL,
  `last_name` varchar(150) NOT NULL,
  `email` varchar(254) NOT NULL,
  `is_staff` tinyint(1) NOT NULL,
  `is_active` tinyint(1) NOT NULL,
  `date_joined` datetime(6) NOT NULL,
  PRIMARY KEY (`id`),
  UNIQUE KEY `username` (`username`)
) ENGINE=InnoDB AUTO_INCREMENT=3 DEFAULT CHARSET=utf8mb4 COLLATE=utf8mb4_0900_ai_ci;
/*!40101 SET character_set_client = @saved_cs_client */;

--
-- Dumping data for table `auth_user`
--

LOCK TABLES `auth_user` WRITE;
/*!40000 ALTER TABLE `auth_user` DISABLE KEYS */;
/*!40000 ALTER TABLE `auth_user` ENABLE KEYS */;
UNLOCK TABLES;

--
-- Table structure for table `auth_user_groups`
--

DROP TABLE IF EXISTS `auth_user_groups`;
/*!40101 SET @saved_cs_client     = @@character_set_client */;
/*!50503 SET character_set_client = utf8mb4 */;
CREATE TABLE `auth_user_groups` (
  `id` bigint NOT NULL AUTO_INCREMENT,
  `user_id` int NOT NULL,
  `group_id` int NOT NULL,
  PRIMARY KEY (`id`),
  UNIQUE KEY `auth_user_groups_user_id_group_id_94350c0c_uniq` (`user_id`,`group_id`),
  KEY `auth_user_groups_group_id_97559544_fk_auth_group_id` (`group_id`),
  CONSTRAINT `auth_user_groups_group_id_97559544_fk_auth_group_id` FOREIGN KEY (`group_id`) REFERENCES `auth_group` (`id`),
  CONSTRAINT `auth_user_groups_user_id_6a12ed8b_fk_auth_user_id` FOREIGN KEY (`user_id`) REFERENCES `auth_user` (`id`)
) ENGINE=InnoDB DEFAULT CHARSET=utf8mb4 COLLATE=utf8mb4_0900_ai_ci;
/*!40101 SET character_set_client = @saved_cs_client */;

--
-- Dumping data for table `auth_user_groups`
--

LOCK TABLES `auth_user_groups` WRITE;
/*!40000 ALTER TABLE `auth_user_groups` DISABLE KEYS */;
/*!40000 ALTER TABLE `auth_user_groups` ENABLE KEYS */;
UNLOCK TABLES;

--
-- Table structure for table `auth_user_user_permissions`
--

DROP TABLE IF EXISTS `auth_user_user_permissions`;
/*!40101 SET @saved_cs_client     = @@character_set_client */;
/*!50503 SET character_set_client = utf8mb4 */;
CREATE TABLE `auth_user_user_permissions` (
  `id` bigint NOT NULL AUTO_INCREMENT,
  `user_id` int NOT NULL,
  `permission_id` int NOT NULL,
  PRIMARY KEY (`id`),
  UNIQUE KEY `auth_user_user_permissions_user_id_permission_id_14a6b632_uniq` (`user_id`,`permission_id`),
  KEY `auth_user_user_permi_permission_id_1fbb5f2c_fk_auth_perm` (`permission_id`),
  CONSTRAINT `auth_user_user_permi_permission_id_1fbb5f2c_fk_auth_perm` FOREIGN KEY (`permission_id`) REFERENCES `auth_permission` (`id`),
  CONSTRAINT `auth_user_user_permissions_user_id_a95ead1b_fk_auth_user_id` FOREIGN KEY (`user_id`) REFERENCES `auth_user` (`id`)
) ENGINE=InnoDB DEFAULT CHARSET=utf8mb4 COLLATE=utf8mb4_0900_ai_ci;
/*!40101 SET character_set_client = @saved_cs_client */;

--
-- Dumping data for table `auth_user_user_permissions`
--

LOCK TABLES `auth_user_user_permissions` WRITE;
/*!40000 ALTER TABLE `auth_user_user_permissions` DISABLE KEYS */;
/*!40000 ALTER TABLE `auth_user_user_permissions` ENABLE KEYS */;
UNLOCK TABLES;

--
-- Table structure for table `django_admin_log`
--

DROP TABLE IF EXISTS `django_admin_log`;
/*!40101 SET @saved_cs_client     = @@character_set_client */;
/*!50503 SET character_set_client = utf8mb4 */;
CREATE TABLE `django_admin_log` (
  `id` int NOT NULL AUTO_INCREMENT,
  `action_time` datetime(6) NOT NULL,
  `object_id` longtext,
  `object_repr` varchar(200) NOT NULL,
  `action_flag` smallint unsigned NOT NULL,
  `change_message` longtext NOT NULL,
  `content_type_id` int DEFAULT NULL,
  `user_id` int NOT NULL,
  PRIMARY KEY (`id`),
  KEY `django_admin_log_content_type_id_c4bce8eb_fk_django_co` (`content_type_id`),
  KEY `django_admin_log_user_id_c564eba6_fk_auth_user_id` (`user_id`),
  CONSTRAINT `django_admin_log_content_type_id_c4bce8eb_fk_django_co` FOREIGN KEY (`content_type_id`) REFERENCES `django_content_type` (`id`),
  CONSTRAINT `django_admin_log_user_id_c564eba6_fk_auth_user_id` FOREIGN KEY (`user_id`) REFERENCES `auth_user` (`id`),
  CONSTRAINT `django_admin_log_chk_1` CHECK ((`action_flag` >= 0))
) ENGINE=InnoDB DEFAULT CHARSET=utf8mb4 COLLATE=utf8mb4_0900_ai_ci;
/*!40101 SET character_set_client = @saved_cs_client */;

--
-- Dumping data for table `django_admin_log`
--

LOCK TABLES `django_admin_log` WRITE;
/*!40000 ALTER TABLE `django_admin_log` DISABLE KEYS */;
/*!40000 ALTER TABLE `django_admin_log` ENABLE KEYS */;
UNLOCK TABLES;

--
-- Table structure for table `django_content_type`
--

DROP TABLE IF EXISTS `django_content_type`;
/*!40101 SET @saved_cs_client     = @@character_set_client */;
/*!50503 SET character_set_client = utf8mb4 */;
CREATE TABLE `django_content_type` (
  `id` int NOT NULL AUTO_INCREMENT,
  `app_label` varchar(100) NOT NULL,
  `model` varchar(100) NOT NULL,
  PRIMARY KEY (`id`),
  UNIQUE KEY `django_content_type_app_label_model_76bd3d3b_uniq` (`app_label`,`model`)
) ENGINE=InnoDB AUTO_INCREMENT=9 DEFAULT CHARSET=utf8mb4 COLLATE=utf8mb4_0900_ai_ci;
/*!40101 SET character_set_client = @saved_cs_client */;

--
-- Dumping data for table `django_content_type`
--

LOCK TABLES `django_content_type` WRITE;
/*!40000 ALTER TABLE `django_content_type` DISABLE KEYS */;
INSERT INTO `django_content_type` VALUES (1,'admin','logentry'),(3,'auth','group'),(2,'auth','permission'),(4,'auth','user'),(5,'contenttypes','contenttype'),(8,'quiz','usererror'),(7,'quiz','vocabulary'),(6,'sessions','session');
/*!40000 ALTER TABLE `django_content_type` ENABLE KEYS */;
UNLOCK TABLES;

--
-- Table structure for table `django_migrations`
--

DROP TABLE IF EXISTS `django_migrations`;
/*!40101 SET @saved_cs_client     = @@character_set_client */;
/*!50503 SET character_set_client = utf8mb4 */;
CREATE TABLE `django_migrations` (
  `id` bigint NOT NULL AUTO_INCREMENT,
  `app` varchar(255) NOT NULL,
  `name` varchar(255) NOT NULL,
  `applied` datetime(6) NOT NULL,
  PRIMARY KEY (`id`)
) ENGINE=InnoDB AUTO_INCREMENT=20 DEFAULT CHARSET=utf8mb4 COLLATE=utf8mb4_0900_ai_ci;
/*!40101 SET character_set_client = @saved_cs_client */;

--
-- Dumping data for table `django_migrations`
--

LOCK TABLES `django_migrations` WRITE;
/*!40000 ALTER TABLE `django_migrations` DISABLE KEYS */;
INSERT INTO `django_migrations` VALUES (1,'contenttypes','0001_initial','2025-11-07 08:44:37.394462'),(2,'auth','0001_initial','2025-11-07 08:44:38.003595'),(3,'admin','0001_initial','2025-11-07 08:44:38.261235'),(4,'admin','0002_logentry_remove_auto_add','2025-11-07 08:44:38.290849'),(5,'admin','0003_logentry_add_action_flag_choices','2025-11-07 08:44:38.317321'),(6,'contenttypes','0002_remove_content_type_name','2025-11-07 08:44:38.423444'),(7,'auth','0002_alter_permission_name_max_length','2025-11-07 08:44:38.484160'),(8,'auth','0003_alter_user_email_max_length','2025-11-07 08:44:38.527131'),(9,'auth','0004_alter_user_username_opts','2025-11-07 08:44:38.546835'),(10,'auth','0005_alter_user_last_login_null','2025-11-07 08:44:38.694545'),(11,'auth','0006_require_contenttypes_0002','2025-11-07 08:44:38.709823'),(12,'auth','0007_alter_validators_add_error_messages','2025-11-07 08:44:38.735337'),(13,'auth','0008_alter_user_username_max_length','2025-11-07 08:44:38.797593'),(14,'auth','0009_alter_user_last_name_max_length','2025-11-07 08:44:38.866629'),(15,'auth','0010_alter_group_name_max_length','2025-11-07 08:44:38.916055'),(16,'auth','0011_update_proxy_permissions','2025-11-07 08:44:38.958670'),(17,'auth','0012_alter_user_first_name_max_length','2025-11-07 08:44:39.058582'),(18,'quiz','0001_initial','2025-11-07 08:44:39.356877'),(19,'sessions','0001_initial','2025-11-07 08:44:39.422759');
/*!40000 ALTER TABLE `django_migrations` ENABLE KEYS */;
UNLOCK TABLES;

--
-- Table structure for table `django_session`
--

DROP TABLE IF EXISTS `django_session`;
/*!40101 SET @saved_cs_client     = @@character_set_client */;
/*!50503 SET character_set_client = utf8mb4 */;
CREATE TABLE `django_session` (
  `session_key` varchar(40) NOT NULL,
  `session_data` longtext NOT NULL,
  `expire_date` datetime(6) NOT NULL,
  PRIMARY KEY (`session_key`),
  KEY `django_session_expire_date_a5c62663` (`expire_date`)
) ENGINE=InnoDB DEFAULT CHARSET=utf8mb4 COLLATE=utf8mb4_0900_ai_ci;
/*!40101 SET character_set_client = @saved_cs_client */;

--
-- Dumping data for table `django_session`
--

LOCK TABLES `django_session` WRITE;
/*!40000 ALTER TABLE `django_session` DISABLE KEYS */;
INSERT INTO `django_session` VALUES ('a5mgvp2gl0jb5prwkok2ptvrv4sqfsk2','.eJxVjEEOwiAQRe_C2hCGKVBduu8ZyDBMpWpoUtqV8e7apAvd_vfef6lI21ri1mSJU1YXBer0uyXih9Qd5DvV26x5rusyJb0r-qBND3OW5_Vw_w4KtfKtyQBkK0TOoncmeW8EbCfMbMZePLgggHgeg3iE1IOwAHSAiQIignp_ANbhN0c:1vIjaT:YyRUFoS1iEyzStKToCpGNTb0hL-VpHlFdhAO4tNXMC8','2025-11-25 08:18:49.509588'),('ddhz6whshbgtsp9viywbsm7suac3avbf','.eJxVjEEOwiAQRe_C2hCGKVBduu8ZyDBMpWpoUtqV8e7apAvd_vfef6lI21ri1mSJU1YXBer0uyXih9Qd5DvV26x5rusyJb0r-qBND3OW5_Vw_w4KtfKtyQBkK0TOoncmeW8EbCfMbMZePLgggHgeg3iE1IOwAHSAiQIignp_ANbhN0c:1vHNKq:mMAlfHLioajuetGqhD8pGDmSp_KYCalZQelFnjS6WPs','2025-11-21 14:21:04.946225'),('ed99xjat6tvp0m1lg5luf7g7qjaunfei','.eJxVjc0OwiAQhN-FsyEsQml79O4zkF3YWvwpCbR6ML67bdKDXueb-eYtPC7z6JfKxacoeqHF4TcjDDeeNhCvOF2yDHmaSyK5VeROqzznyPfT3v0TjFjHdd2QItDQqTCABQCtbSQT6Gg0goHGtZGUJueUNoHtYDqHIaCFaJFbs0lT9YWfiV_-sb6Jfi4Lf77daD-x:1vIoR6:IFA4buNynOtGktXN0fX0kcuV1GTrcLzmNDTNWzNclE4','2025-11-25 13:29:28.551586'),('tphp6ao3f27rdfj0iv2j06zrq18urpbc','.eJyVVm1v2zYQ_is3f1kbaI5kOU5iYChWFGuHIRu2rhiwpTAo6mxxkkiVL_acov99d5ST2Ik0oF8Mk3e8e56750h9nqxE8NUqOLQrVU6Wk2ySHO8VQtao2VD-I_TGTKXR3qpiyi7Tg9VNb0yJzeuD70mASriKTos0y8oZCnExyxcXabFYpJjN5iilTNdXuMguLjHL8-v1JS7yrLjKUGKWzbO8EJd5njOqT0HdrT4FdF4Z7SbLvz9PGPEsy5PJBm0r9IrBofaMViG8FlpoTOA7Dbe3-o1FddjSCRTKe_yGoqLeNMpVK6HdDi2dLNhFkGUdmmZ1b65UDNsbOdwflUWEfu0S6BoULgaUlVESGd-kQmH9PgGntERLSHbCtgnE7TU2nr0b45BL5g20wto9_T0g-Pgl6RleXM4HGNa3IU3XC010GM9PsoJaaA1vMHhHi6BL-D04p2gxHSJKGQsEUTQI3ozwPfGJaUAKDa5DUcPbCAnEfSKhp6f8n2ZwpA60VI9KdR1hINYV8r4x-pFuPr8aoItKO49q07N9LyuNTUOheA_ImACFhr_CBtZcGJxX1sOmQTXOfoMejIYXhRG2fDlegVM_Tv9bULJODoYEiAV4K5QG5YiuCZ6rRYrYPlUEbUtssLDCM3E-0_f-GRbacy1RfKzLfDYkA2b9lvTU1-VPZaESBS2IOZtqKg2teo_BQmwoIeoR9r2RI3_Qa2N90AS82cMOoTT6W0_JttRh6P2etF_xkVbwuEJnOGBylE2tfRS7sr7qGiHxkelVejky0u8N6T1O88OC5E0c_SA3F8aIkaWfYgoQYt9IlFrpzRMOfYRG2A3GpnRKckRsRXMEeLa4HgBc0I3j-67QTREXyvmoU9KvFbp-NQR6R40bQc0mDvjO7CD-J9wsPhm6KJxXp-APkbxqcQlpukxzHrZwkJynoPWRvC6yoaILR3PuOtsPlazoOu0b8NQALfH70YoAPwd9F5mGFrI5fKjsYHMoyRati_o496Kpz6UgvQ8zH3a-b-GxlQrjK7hx9zBAeJhB1z6_m57PXEU9gb0JUZ9bvrXOO-HYC-EF_5jbMEuza7q1Zc0nRjg8FHVxfTEys792gkrpmMEN6ZfX9DAorma59vCOyjQ8rqSbci2o63ZsZh89YvQ9HO9QQRgilg8pTotSqRoPzxFinNiThM91cz0k_a3ia8mKEuIrJQta_kJYz7smOHiwDhFcm2BpRjb0vMbLlNpwh9b0J4-NI_S_5vwRdWnaLvi-qF8RgVXxEip6bG18xukJV1txpIA8Xwy-Zg09WzzJLK8yAGWKe4M3AotutoAfLLI4gdRCWgn0sfBqpAbjBzjnfa7DS_E99O909LLBVefR9fm40ETQ5tkZ_e-hnZ3R-n_BFcHtqRYfKRZtEfeHD7iVom-BfyfLlG4kaSzGfy3dGqKOGemIciuLpJXdqqXPy8nS24Bf_gObAaRE:1vHJdi:eCSnxDAy3FvDXewiahy4M-sLEAiMSToKaCE-8RCn5q4','2025-11-21 10:24:18.385003');
/*!40000 ALTER TABLE `django_session` ENABLE KEYS */;
UNLOCK TABLES;

--
-- Table structure for table `quiz_usererror`
--

DROP TABLE IF EXISTS `quiz_usererror`;
/*!40101 SET @saved_cs_client     = @@character_set_client */;
/*!50503 SET character_set_client = utf8mb4 */;
CREATE TABLE `quiz_usererror` (
  `id` bigint NOT NULL AUTO_INCREMENT,
  `timestamp` datetime(6) NOT NULL,
  `user_id` int NOT NULL,
  `vocabulary_id` bigint NOT NULL,
  PRIMARY KEY (`id`),
  UNIQUE KEY `quiz_usererror_user_id_vocabulary_id_34691c0a_uniq` (`user_id`,`vocabulary_id`),
  KEY `quiz_usererror_vocabulary_id_16c6c1d9_fk_quiz_vocabulary_id` (`vocabulary_id`),
  CONSTRAINT `quiz_usererror_user_id_59e55f1f_fk_auth_user_id` FOREIGN KEY (`user_id`) REFERENCES `auth_user` (`id`),
  CONSTRAINT `quiz_usererror_vocabulary_id_16c6c1d9_fk_quiz_vocabulary_id` FOREIGN KEY (`vocabulary_id`) REFERENCES `quiz_vocabulary` (`id`)
) ENGINE=InnoDB AUTO_INCREMENT=115 DEFAULT CHARSET=utf8mb4 COLLATE=utf8mb4_0900_ai_ci;
/*!40101 SET character_set_client = @saved_cs_client */;

--
-- Dumping data for table `quiz_usererror`
--

LOCK TABLES `quiz_usererror` WRITE;
/*!40000 ALTER TABLE `quiz_usererror` DISABLE KEYS */;
/*!40000 ALTER TABLE `quiz_usererror` ENABLE KEYS */;
UNLOCK TABLES;

--
-- Table structure for table `quiz_vocabulary`
--

DROP TABLE IF EXISTS `quiz_vocabulary`;
/*!40101 SET @saved_cs_client     = @@character_set_client */;
/*!50503 SET character_set_client = utf8mb4 */;
CREATE TABLE `quiz_vocabulary` (
  `id` bigint NOT NULL AUTO_INCREMENT,
  `german_content` longtext NOT NULL,
  `english_content` longtext NOT NULL,
  `level` varchar(2) NOT NULL,
  PRIMARY KEY (`id`)
) ENGINE=InnoDB AUTO_INCREMENT=1354 DEFAULT CHARSET=utf8mb4 COLLATE=utf8mb4_0900_ai_ci;
/*!40101 SET character_set_client = @saved_cs_client */;

--
-- Dumping data for table `quiz_vocabulary`
--

LOCK TABLES `quiz_vocabulary` WRITE;
/*!40000 ALTER TABLE `quiz_vocabulary` DISABLE KEYS */;
INSERT INTO `quiz_vocabulary` VALUES (1,'eins','one','A1'),(2,'zwei','two','A1'),(3,'drei','three','A1'),(4,'vier','four','A1'),(5,'fünf','five','A1'),(6,'sechs','six','A1'),(7,'sieben','seven','A1'),(8,'acht','eight','A1'),(9,'neun','nine','A1'),(10,'zehn','ten','A1'),(11,'elf','eleven','A1'),(12,'zwölf','twelve','A1'),(13,'dreizehn','thirteen','A1'),(14,'vierzehn','fourteen','A1'),(15,'fünfzehn','fifteen','A1'),(16,'sechzehn','sixteen','A1'),(17,'siebzehn','seventeen','A1'),(18,'achtzehn','eighteen','A1'),(19,'neunzehn','nineteen','A1'),(20,'zwanzig','twenty','A1'),(21,'einundzwanzig','twenty one','A1'),(22,'dreißig','thirty','A1'),(23,'vierzig','fourty','A1'),(24,'fünfzig','fifty','A1'),(25,'sechzig','sixty','A1'),(26,'siebzig','seventy','A1'),(27,'achtzig','eighty','A1'),(28,'neunzig','ninety','A1'),(29,'(ein)hundert','(one) hundred','A1'),(30,'hunderteins','one hundred and one','A1'),(31,'zweihundert','two hundred','A1'),(32,'(ein)tausend','(one) thousand','A1'),(33,'eine Million, -en','one million','A1'),(34,'eine Milliarde, -en','one billion','A1'),(35,'erste','first','A1'),(36,'zweite','second','A1'),(37,'dritte','third','A1'),(38,'vierte','fourth','A1'),(39,'ein halb; halb','one half; half','A1'),(40,'ein Viertel; Viertel','one quarter; quarter','A1'),(41,'neunzehnhundertneunundneunzig','nineteen ninety nine','A1'),(42,'zweitausendvierzehn','two thousand and fourteen','A1'),(43,'heute ist der 1. März','heute ist der erste März/der erste Dritte','A1'),(44,'Berlin, 12. April 2002','Berlin, zwölfter Vierter zweitausendzwei','A1'),(45,'null Uhr drei','time: 00:03','A1'),(46,'sieben Uhr fünfzehn','time: 07:15','A1'),(47,'dreizehn Uhr siebzehn','time: 13:17','A1'),(48,'vierundzwanzig Uhr','time: 24:00','A1'),(49,'ein Uhr','one o\'clock','A1'),(50,'fünf Minuten vor/nach eins (ein Uhr)','five to/past one (one o’clock)','A1'),(51,'Viertel vor/nach zwei (zwei Uhr)','quarter to/past two (two o’clock)','A1'),(52,'halb drei','half past two','A1'),(53,'die Sekunde, -n','second','A1'),(54,'die Minute, -n','minute','A1'),(55,'die Stunde, -n','hour','A1'),(56,'der Tag, -e','day','A1'),(57,'die Woche, -e','week','A1'),(58,'das Jahr, -e','year','A1'),(59,'der Wochentag, -e','weekday','A1'),(60,'der Sonntag','Sunday','A1'),(61,'der Montag','Monday','A1'),(62,'der Dienstag','Tuesday','A1'),(63,'der Mittwoch','Wednesday','A1'),(64,'der Donnerstag','Thursday','A1'),(65,'der Freitag','Friday','A1'),(66,'der Samstag/Sonnabend','Saturday  Sonnabend is outmoded.','A1'),(67,'das Wochenende','weekend','A1'),(68,'am Wochenende','on the weekend','A1'),(69,'der Tag','day','A1'),(70,'der Morgen','morning','A1'),(71,'der Vormittag,-e','morning','A1'),(72,'der Mittag','midday','A1'),(73,'der Nachmittag,-e','afternoon','A1'),(74,'der Abend,-e','evening','A1'),(75,'die Nacht,¨-e','night','A1'),(76,'der Januar','January','A1'),(77,'der Februar','February','A1'),(78,'der März','March','A1'),(79,'der April','April','A1'),(80,'der Mai','May','A1'),(81,'der Juni','June','A1'),(82,'der Juli','July','A1'),(83,'der August','August','A1'),(84,'der September','September','A1'),(85,'der Oktober','October','A1'),(86,'der November','November','A1'),(87,'der Dezember','December','A1'),(88,'der Frühling/das Frühjahr','spring','A1'),(89,'der Sommer','summer','A1'),(90,'der Herbst','autumn','A1'),(91,'der Winter','winter','A1'),(92,'1 Euro','100 Cent','A1'),(93,'ein Meter','one metre','A1'),(94,'ein Zentimeter','one centimetre','A1'),(95,'ein Meter fünfzehn','one metre fifteen','A1'),(96,'zweihundert Kilometer','two hundred kilometres','A1'),(97,'ein Quadratmeter','one square metre','A1'),(98,'ein Grad unter Null/minus ein Grad','one degree below zero/minus one degree','A1'),(99,'vier Grad über Null/plus vier Grad','four degrees above zero/plus four degrees','A1'),(100,'ein Prozent','one percent','A1'),(101,'ein Liter','one litre','A1'),(102,'ein Gramm','one gram','A1'),(103,'ein Pfund','one pound','A1'),(104,'ein Kilo(gramm)','one kilo(gram)','A1'),(105,'Deutschland','Germany','A1'),(106,'der/die Deutsche, -n','the German','A1'),(107,'ein Deutscher\\neine Deutsche\\nDeutsche\\ndeutsch','a German\\na German\\nGerman\\nGerman','A1'),(108,'Europa\\nEuropäer\\neuropäisch','Europe\\nEuropean\\nEuropean','A1'),(109,'Land, Bewohner, Nationalität z. B. \\nTürkei, Türke/Türkin, -nen, türkisch\\nFinnland, Finne/Finnin, -nen, finnisch\\nMexiko, Mexikaner/Mexikanerin, -nen, mexikanisch','Country, resident, nationality e.g. \\nTurkey, Turk, Turkish\\nFinland, Finn, Finnish\\nMexico, Mexican, Mexican','A1'),(110,'schwarz','black','A1'),(111,'grau','grey','A1'),(112,'blau','blue','A1'),(113,'grün','green','A1'),(114,'weiß','white','A1'),(115,'rot','red','A1'),(116,'gelb','yellow','A1'),(117,'braun','brown','A1'),(118,'der Norden','north','A1'),(119,'der Süden','south','A1'),(120,'der Westen','west','A1'),(121,'der Osten','east','A1'),(122,'ab\\nAb morgen muss ich arbeiten.','(starting) from\\nStarting from tomorrow I have to work.','A1'),(123,'aber\\nIch bin oft im Büro, aber nur für wenige Stunden.','but\\nI\'m often in the office, but only for a few hours.','A1'),(124,'abfahren\\nWir fahren um zwölf Uhr ab.','to depart, to leave\\nWe leave at twelve o\'clock.','A1'),(125,'die Abfahrt\\nVor der Abfahrt rufe ich an.','I\'ll call before I leave. (lit. Before the departure, I call.)','A1'),(126,'abgeben\\nIch muss meine Schlüssel abgeben.','to hand sth. in, to give sth. in\\nI have to hand in my keys.','A1'),(127,'abholen\\nWann kann ich den Schrank bei dir abholen?','to pick up, to fetch\\nWhen can I pick up the cabinet from you?','A1'),(128,'der Absender \\nDa ist ein Brief für dich ohne Absender.','sender, shipper\\nThere\'s a letter for you without a return address.','A1'),(129,'Achtung \\nAchtung! Das dürfen Sie nicht tun.','attention, look out, caution\\nAttention! You must not do this.','A1'),(130,'die Adresse,-en \\nKönnen Sie mir seine Adresse sagen?','address\\nCan you tell me his address?','A1'),(131,'all- \\nAlles Gute!\\nDas ist alles.\\nSind alle da?\\nAlle Freunde kommen.\\nHast du alles?','all, everything, everyone\\nAll the best!\\nThat\'s all.\\nIs everyone here?\\nAll your friends are coming.\\nHave you got everything?','A1'),(132,'allein \\nEr kommt allein.','alone\\nHe\'s coming alone.','A1'),(133,'also \\nAlso, es ist so: ...\\nEr hat Zeit, also muss er uns helfen.','so, thus\\nWell, it\'s like this: ...\\nHe has time, so he has to help us.','A1'),(134,'alt \\nWie alt sind Sie?\\nSie sehen aber nicht so alt aus.\\nMein Auto ist schon sehr alt.\\nWir wohnen in einem sehr alten Haus.\\nKöln ist eine alte Stadt.','old\\nHow old are you?\\nYou don\'t look that old.\\nMy car is already very old.\\nWe live in a very old house.\\nCologne is an old city.','A1'),(135,'das Alter \\nAlter: 26 Jahre.','age\\nAge: 26 years','A1'),(136,'an \\nFahren Sie an der nächsten Straße nach rechts.\\nWir treffen uns am Bahnhof.\\nAm nächsten Montag geht es leider nicht.\\nIch denke oft an dich.\\nHast du das Bild an der Wand gesehen?','on, upon, at, to, in, of\\nTurn right at the next street.\\nMeet us at the station.\\nUnfortunately we can\'t make it next Monday.\\nI often think of you.\\nDid you see the picture on the wall?','A1'),(137,'anbieten \\nWas darf ich dir anbieten?','to offer\\nWhat can I offer you?','A1'),(138,'das Angebot, -e \\nHeute sind Sportschuhe im Angebot.','offer, promotion, sale\\nSports shoes are on sale today.','A1'),(139,'ander- \\nWiIlst du diese Jacke?\\n– Nein, ich möchte die andere.','other\\nDo you want this jacket?\\n- No, I want the other one.','A1'),(140,'anfangen \\nHier fängt die Bahnhofstraße an.\\nDer Unterricht fängt gleich an.','to begin, to start\\nThis is where Bahnhofstrasse begins.\\nClasses are about to start.','A1'),(141,'der Anfang \\nSie wohnt am Anfang der Straße.\\nWir machen Anfang Juli Urlaub.\\nIch habe den Anfang des Films verpasst.','the beginning, the start\\nShe lives at the beginning of the street.\\nWe go on vacation at the beginning of July.\\nI missed the start of the movie.','A1'),(142,'anklicken \\nDa musst du dieses Wort anklicken.','to click \\nYou have to click on this word.','A1'),(143,'ankommen \\nWann kommt dieser Zug in Hamburg an?','to arrive\\nWhen does this train arrive in Hamburg?','A1'),(144,'die Ankunft \\nAuf diesem Plan steht nur die Ankunft(-szeit) der Züge.','arrival \\nThis plan only shows the arrival (time) of the trains.','A1'),(145,'ankreuzen \\nAuf dem Formular müssen Sie an mehreren Stellen\\netwas ankreuzen.','to tick \\nThere are several places on the form where you tick something.','A1'),(146,'anmachen \\nMach bitte das Licht an!','to switch/turn on\\nPlease turn the light on!','A1'),(147,'(sich) anmelden\\nWo kann ich mich anmelden?','to register, to sign up\\nWhere can I register?','A1'),(148,'die Anmeldung \\nEine Anmeldung für diesen Kurs ist nicht mehr möglich.','registration\\nRegistration for this course is no longer possible.','A1'),(149,'die Anrede \\nSchreiben Sie auch eine Anrede und einen Gruß.','salutation\\nAlso write a salutation and a greeting.','A1'),(150,'anrufen \\nKann man Sie anrufen?\\nPeter ruft kurz seine Freundin an.','to call\\nCan I call you?\\nPeter calls his girlfriend briefly.','A1'),(151,'der Anruf, -e \\nSie bekommt viele Anrufe auf ihrem Handy.','to receive, to get\\nShe gets a lot of calls on her cell phone.','A1'),(152,'der Anrufbeantworter \\nWir sind im Moment nicht da. Sprechen Sie bitte auf den Anrufbeantworter.','answering machine\\nWe are not available at the moment. Please leave a message on the answering machine.','A1'),(153,'**die Ansage, -n**\\nHören Sie auf die Ansagen. ','**announcement** \\nListen to the announcements.','A1'),(154,'**der Anschluss, -ü, e** \\nIn Mannheim haben Sie Anschluss nach Saarbrücken.','**connection** \\nIn Mannheim you have a connection to Saarbrücken.','A1'),(155,'**der Anschluss, -ü, e** \\nIst das die Anmeldung für einen Telefonanschluss?','**connection** \\nIs that the application for a telephone connection?','A1'),(156,'**an sein** \\nHeute Nacht war das Licht an.','**to be (switched) on**\\nThe light was on tonight.','A1'),(157,'**antworten** \\nEr antwortet nicht.','**to answer** \\nHe isn’t answering.','A1'),(158,'**die Antwort, -en** \\nEr gibt leider keine Antwort.','**answer** \\nUnfortunately he isn\'t giving an answer.','A1'),(159,'**die Anzeige, -n** \\nIch habe Ihre Anzeige in der Zeitung gelesen.','**advert** \\nI read your advert in the newspaper.','A1'),(160,'**(sich) anziehen** \\nIch muss mich noch anziehen.','**to get dressed** \\nI still need to get dressed.','A1'),(161,'**das Apartment, -s** \\nWir haben ein Apartment gemietet.','**apartment** \\nWe rented an apartment.','A1'),(162,'**der Apfel, -Ä** \\nEin Pfund Äpfel bitte.','**apple** \\nOne pound of apples, please.','A1'),(163,'der Appetit \\nGuten Appetit!','appetite\\nBon appetit!','A1'),(164,'arbeiten \\nWo arbeiten Sie?','to work \\nWhere do you work?','A1'),(165,'die Arbeit, -en \\nMein Bruder sucht Arbeit.','work \\nMy brother is looking for work.','A1'),(166,'arbeitslos \\nEs gibt bei uns viele Leute, die schon lange arbeitslos sind.','unemployed \\nWe have a lot of people who have been unemployed for a long time.','A1'),(167,'der Arbeitsplatz, -ä, e \\nAn meinem Arbeitsplatz fehlt ein Drucker.','workplace \\nThere is no printer at my workplace.','A1'),(168,'der Arm, -e \\nMein Arm tut weh.','arm \\nMy arm hurts.','A1'),(169,'der Arzt, -Ä, e \\nMorgen habe ich einen Termin bei meiner Ärztin.','doctor \\nTomorrow I have an appointment with my doctor.','A1'),(170,'auch \\nIch bin auch Spanier.','also \\nI am also Spanish.','A1'),(171,'auf \\nDie Kinder spielen auf der Straße.','on \\nThe children play on the street.','A1'),(172,'auf \\nAuf Wiedersehen.','until \\ngoodbye (in person; lit. \'until we see each other again\')','A1'),(173,'auf \\nWie heißt das auf Deutsch?\\nDer Schlüssel ist auf dem Tisch. ','in, up, on\\nWhat’s that called in German?\\nThe key is on the table. ','A1'),(174,'die Aufgabe, -n \\nDas ist eine schwere Aufgabe.','task \\nThat is a difficult task.','A1'),(175,'aufhören \\nDer Kurs hört in einer Woche auf.','to end \\nThe course ends in a week.','A1'),(176,'aufhören \\nHier hört die Bahnhofstraße auf.','to end \\nBahnhofstraße ends here.','A1'),(177,'auf sein \\nDu brauchst den Schlüssel nicht. Die Wohnung ist auf.','to be open \\nYou don’t need the key. The flat is open.','A1'),(178,'aufstehen \\nIch muss immer um vier Uhr aufstehen.','to get up \\nI always need to get up at 4 am.','A1'),(179,'aufstehen \\nSoll ich aufstehen?','to get up \\nShould I get up?','A1'),(180,'der Aufzug, -ü, e \\nIn diesem Haus gibt es keinen Aufzug.','lift \\nThere is no lift in this building.','A1'),(181,'das Auge, -n \\nEr hat blaue Augen.','eye \\nHe has blue eyes.','A1'),(182,'aus \\nEr kommt aus Brasilien.','from \\nHe comes from Brazil.','A1'),(183,'der Ausflug \\nMorgen machen wir einen Ausflug nach Heidelberg.','excursion \\nTomorrow we are going on an excursion to Heidelberg.','A1'),(184,'ausfüllen \\nFüllen Sie bitte dieses Formular aus.','to fill out \\nPlease fill out this form.','A1'),(185,'der Ausgang \\nWo ist der Ausgang?','exit \\nWhere is the exit?','A1'),(186,'die Auskunft, -ü, e \\nKönnen Sie mir eine Auskunft geben?','information/details \\nCan you give me some information?','A1'),(187,'das Ausland \\nFahren Sie ins Ausland?','abroad/overseas \\nDo you travel abroad?','A1'),(188,'der Ausländer, - / die Ausländerin -nen\\nSind Sie Ausländerin?','foreigner \\nAre you a foreigner? (A little offensive.)','A1'),(189,'ausländisch \\nLeider habe ich nur ausländisches Geld.','foreign \\nUnfortunately I only have foreign money.','A1'),(190,'ausmachen \\nMach bitte das Licht aus!','to switch off \\nPlease switch off the light!','A1'),(191,'die Aussage, -n \\nIst die Aussage richtig oder falsch?','statement \\nIs the statement true or false?','A1'),(192,'aussehen \\nDas sieht schön aus.','to look \\nThat looks beautiful.','A1'),(193,'aus sein \\nDas Licht ist aus.','to be (switched) off \\nThe light is off.','A1'),(194,'aus sein \\nDie Schule ist aus.','to be out \\nSchool is out.','A1'),(195,'aussteigen \\nWo muss ich aussteigen?','to get off, to alight, to disembark\\nWhere do I need to get off?','A1'),(196,'der Ausweis \\nHier ist mein Ausweis.','identity card \\nHere is my identity card.','A1'),(197,'ausziehen \\nZieh die Schuhe aus, bitte!','to take off \\nPlease take off your shoes!','A1'),(198,'sich ausziehen \\nIch ziehe mich aus.','to get undressed \\nI am getting undressed.','A1'),(199,'das Auto, -s \\nEr kommt mit dem Auto.','car \\nHe’s coming by car.','A1'),(200,'die Autobahn, -en \\nWo geht‘s hier bitte zur Autobahn?','motorway \\nHow do I get to the motorway?','A1'),(201,'der Automat \\nDie Fahrkarten gibt es nur am Automaten.','(vending) machine \\nTickets are only available from the machine.','A1'),(202,'automatisch \\nDu musst nichts machen. Das geht automatisch.','automatic \\nYou don’t need to do anything. It\'s automatic.','A1'),(203,'das Baby, -s \\nMein Kind ist noch ein Baby.','baby \\nMy child is still a baby.','A1'),(204,'die Bäckerei \\nIch geh mal schnell zur Bäckerei.','bakery \\nI’m just popping to the bakery.','A1'),(205,'das Bad \\nWir haben kein großes Bad.','bath, bathroom \\nWe don’t have a large bathroom.','A1'),(206,'baden \\nIch bade nicht so gern, ich dusche lieber.','to bathe \\nI don’t like bathing so much, I prefer to shower.','A1'),(207,'die Bahn \\nWir fahren lieber mit der Bahn.','train \\nWe prefer to travel by train.','A1'),(208,'die Bahn \\nIch nehme die nächste Bahn.','train \\nI’ll take the next train.','A1'),(209,'der Bahnhof \\nKomme ich hier zum Bahnhof?','train station \\nIs this the way to the train station?','A1'),(210,'der Bahnsteig \\nAuf welchem Bahnsteig fährt der Zug?','platform \\nFrom which platform does the train depart?','A1'),(211,'bald \\nIch komme bald.','soon \\nI’m coming soon.','A1'),(212,'der Balkon \\nDie Wohnung hat auch einen kleinen Balkon.','balcony \\nThe flat also has a small balcony.','A1'),(213,'die Banane, -n \\nDrei Bananen, bitte!','banana \\nThree bananas, please!','A1'),(214,'die Bank \\nDie Bank schließt schon um vier Uhr.','bank \\nThe bank closes at 4 pm already.','A1'),(215,'die Bank \\nEr sitzt im Park auf einer Bank und liest.','bench \\nHe’s sits in the park on a bench and reads.','A1'),(216,'bar \\nMuss ich bar zahlen oder geht‘s auch mit Karte?','cash \\nDo I have to pay in cash, or can I also pay by card?','A1'),(217,'der Bauch \\nSeit gestern tut mir der Bauch weh.','stomach \\nMy stomach has been hurting since yesterday.','A1'),(218,'der Baum, -ä, e \\nVorsicht, fahr nicht an den Baum!','tree \\nCareful, don’t drive into the tree!','A1'),(219,'der Beamte, -n \\nFragen Sie die Beamtin an Schalter acht!','official \\nAsk the official at counter eight!','A1'),(220,'bedeuten \\nWas bedeutet das Wort?','to mean \\nWhat does that word mean?','A1'),(221,'beginnen \\nDas Spiel beginnt um 15.30 Uhr.','to begin \\nThe game begins at 3:30 pm.','A1'),(222,'bei \\nOffenbach liegt bei Frankfurt.','next to \\nOffenbach is next to Frankfurt.','A1'),(223,'bei \\nIch wohne bei meinen Eltern.','at \\nI live at my parents’ place.','A1'),(224,'bei uns \\nBei uns regnet es heute.','here / where we are \\nIt is raining here today. (bei uns = set phrase)','A1'),(225,'bei \\nEr arbeitet bei der Polizei.','for \\nHe works for the police.','A1'),(226,'beide \\nBeide Eltern arbeiten.','both \\nBoth parents work.','A1'),(227,'beide \\nWir kommen beide.','both \\nWe are both coming.','A1'),(228,'das Bein, -e \\nMein rechtes Bein tut weh.','leg \\nMy right leg hurts.','A1'),(229,'das Beispiel, -e \\nKannst du mir ein Beispiel sagen?','example \\nCan you give me an example?','A1'),(230,'zum Beispiel/z. B. \\nViele meiner Verwandten, z. B. meine beiden Brüder, arbeiten auch hier.','for example \\nMany of my relatives, for example, both of my brothers, also work here.','A1'),(231,'bekannt \\nPicasso ist sehr bekannt.','well known \\nPicasso is very well known.','A1'),(232,'der/die Bekannte, -n \\nEin Bekannter von mir heißt Klaus.','acquaintance \\nAn acquaintance of mine is called Klaus.','A1'),(233,'bekommen \\nHaben Sie meinen Brief bekommen?','to receive \\nDid you receive my letter?','A1'),(234,'bekommen \\nWas bekommen Sie?','to have \\nWhat will you have? (for food and drink)','A1'),(235,'bekommen \\nDieses Medikament bekommen Sie in der Apotheke.','to get \\nYou can get this medicine in a pharmacy.','A1'),(236,'benutzen \\nDie Aufzüge bitte nicht benutzen!','to use \\nPlease don’t use the lifts!','A1'),(237,'der Beruf, -e \\nWas sind Sie von Beruf?','profession \\nWhat is your profession?','A1'),(238,'der Beruf, -e \\nWas ist Ihr Beruf?','occupation \\nWhat is your occupation?','A1'),(239,'besetzt \\nDie Nummer ist immer besetzt.','busy \\nThe number is always busy.','A1'),(240,'besetzt \\nDer Platz ist besetzt.','taken \\nThe seat is taken.','A1'),(241,'besichtigen \\nIch möchte gern den Dom besichtigen.','to visit \\nI would like to visit the cathedral.','A1'),(242,'besser \\nEs geht mir schon besser.','better \\nI\'m already feeling better.','A1'),(243,'best- \\nAm besten treffen wir uns morgen.','best \\nIt\'s best that we meet tomorrow.','A1'),(244,'bestellen \\nWir möchten bestellen, bitte.','to order \\nWe would like to order, please.','A1'),(245,'bestellen \\nDieses Buch haben wir nicht – sollen wir es für Sie bestellen?','to order \\nWe don’t have this book, should we order it for you?','A1'),(246,'besuchen \\nDarf ich dich besuchen?','to visit \\nMay I visit you?','A1'),(247,'das Bett, -en \\nWir brauchen noch ein Kinderbett.','bed \\nWe need another children’s bed.','A1'),(248,'bezahlen \\nWo muss ich bezahlen?','to pay \\nWhere do I need to pay?','A1'),(249,'das Bier \\nNoch ein Bier bitte.','beer \\nAnother beer, please.','A1'),(250,'das Bild, -er \\nHast du ein Bild von deinem Sohn?','picture \\nDo you have a picture of your son?','A1'),(251,'billig \\nDie Jacke kostet nur 10 Euro! Die ist aber billig!','cheap \\nThe jacket only costs 10 euros! That’s cheap!','A1'),(252,'die Birne, -n \\nEin Kilo Birnen, bitte!','pear \\nOne kilogram of pears, please!','A1'),(253,'bis \\nIch fahre nur bis Stuttgart.','to (as far as) \\nI’m only travelling to Stuttgart.','A1'),(254,'bis \\nIch warte bis morgen.','until \\nI will wait until tomorrow.','A1'),(255,'bisschen \\nIch spreche Englisch, Französisch und ein bisschen Deutsch.','(a) little \\nI speak English, French, and a little German.','A1'),(256,'bitte \\nEine Tasse Kaffee, bitte!','please \\nA cup of coffee, please!','A1'),(257,'bitte \\nSprechen Sie bitte leise!','please \\nPlease speak softly!','A1'),(258,'die Bitte, -n \\nIch habe noch eine Bitte.','request \\nI have one more request.','A1'),(259,'bitten \\nDarf ich Sie um etwas bitten?','to ask \\nMay I ask something of you?','A1'),(260,'bitter \\nDer Kaffee schmeckt bitter.','bitter \\nThe coffee tastes bitter.','A1'),(261,'bleiben \\nIch bleibe heute zu Hause.','to stay \\nI\'m staying home today.','A1'),(262,'bleiben \\nWir bleiben nur bis morgen.','to stay \\nWe are only staying until tomorrow.','A1'),(263,'der Bleistift, -e \\nHast du einen Bleistift?','pencil \\nDo you have a pencil?','A1'),(264,'der Blick \\nVon diesem Hotel hat man einen guten Blick auf den Rhein.','view \\nFrom this hotel you have a good view of the Rhine.','A1'),(265,'die Blume, -n \\nGefallen dir die Blumen?','flower \\nDo you like the flowers?','A1'),(266,'der Bogen \\nSchreiben Sie Ihre Lösungen bitte auf den Antwortbogen.','sheet \\nWrite your solutions on the answer sheet.','A1'),(267,'böse \\nSie ist böse auf mich.','angry \\nShe is angry with me.','A1'),(268,'brauchen \\nBrauchst du die Zeitung noch?','to need \\nDo you still need the newspaper?','A1'),(269,'breit \\nWie breit ist der Schrank?','wide \\nHow wide is the cupboard?','A1'),(270,'der Brief, -e \\nHaben Sie einen Brief für mich?','letter \\nDo you have a letter for me?','A1'),(271,'die Briefmarke, -n \\nKaufst du bitte Briefmarken bei der Post?','(postage) stamp \\nCould you please buy stamps at the post office?','A1'),(272,'bringen \\nBringen Sie mir bitte noch einen Kaffee!','to bring \\nPlease bring me another coffee!','A1'),(273,'bringen \\nWir müssen ihn zum Arzt bringen.','to take \\nWe need to take him to the doctor.','A1'),(274,'das Brot, -e \\nHaben Sie auch Weißbrot?','bread \\nDo you have white bread, too?','A1'),(275,'das Brot, -e \\nNimm noch ein paar Brote für die Fahrt mit.','bread \\nTake another couple of loaves of bread for the journey.','A1'),(276,'das Brötchen, – \\nMöchtest du Brötchen zum Frühstück?','bread roll \\nWould you like bread rolls for breakfast?','A1'),(277,'der Bruder, -ü \\nSein Bruder arbeitet auch hier.','brother \\nHis brother also works here.','A1'),(278,'das Buch, -ü, er \\nGute Bücher sind oft sehr teuer.','book \\nGood books are often very expensive.','A1'),(279,'das Wörterbuch, -ü, er \\nIn diesem Wörterbuch finden Sie mehr als 20.000 Wörter.','dictionary \\nYou will find more than 20,000 words in this dictionary.','A1'),(280,'der Buchstabe, -n \\nDiesen Buchstaben gibt es in meiner Sprache nicht.','letter (character) \\nWe don\'t have this letter in my language.','A1'),(281,'buchstabieren \\nBitte buchstabieren Sie Ihren Namen.','to spell \\nPlease spell your name.','A1'),(282,'der Bus, -se \\nWann kommt der nächste Bus?','bus \\nWhen does the next bus arrive?','A1'),(283,'die Butter \\nFür mich bitte ein Brötchen mit Butter und Käse.','butter \\nA bread roll with butter and cheese for me, please.','A1'),(284,'das Café, -s \\nSollen wir uns im Café treffen?','cafe \\nShould we meet at the cafe?','A1'),(285,'die CD, -s \\nBring bitte deine Lieblings-CD mit.','CD \\nPlease bring your favourite CD with you.','A1'),(286,'der Chef -s / die Chefin -nen\\nWir haben eine neue Chefin.','boss \\nWe have a new boss.','A1'),(287,'circa/ca. \\nVon Mainz nach Frankfurt sind es circa fünfzig Kilometer.','approximately \\nFrom Mainz to Frankfurt it is approximately 50 kilometres.','A1'),(288,'der Computer, – \\nWann bekommst du deinen neuen Computer?','computer \\nWhen are you getting your new computer?','A1'),(289,'da \\nDa hinten ist er ja.','there \\nHe’s back there.','A1'),(290,'da \\nWir sprechen gerade über Paul. Da kommt er ja gerade.','here \\nWe are talking about Paul. Here he comes now.','A1'),(291,'da \\nIch nehme das da.','there \\nI’ll take that there.','A1'),(292,'da \\nIst Herr Klein schon da?','here \\nIs Mr Klein already here?','A1'),(293,'die Dame, -n \\nDamen (an der Toilette)','lady \\nLadies (toilet sign)','A1'),(294,'die Dame, -n \\nSehr geehrte Damen und Herren!','lady \\nLadies and gentlemen!','A1'),(295,'daneben \\nDu kennst doch die Post. Daneben ist die Bank.','next to it \\nYou do know the post office. The bank is next to it.','A1'),(296,'danken \\nIch danke Ihnen für die Einladung.','to thank \\nI thank you for the invitation.','A1'),(297,'der Dank \\nVielen Dank!','thanks \\nMany thanks!','A1'),(298,'der Dank \\nHerzlichen Dank!','thanks \\nThank you very much!','A1'),(299,'danke \\nSoll ich Ihnen helfen? / Nein, danke!','thank you \\nCan I help you? / No thank you!','A1'),(300,'dann \\nIch muss noch schnell zur Post, dann komme ich.','then (afterwards) \\nI still need to pop to the post office, then I’ll come.','A1'),(301,'das Datum \\nBitte schreiben Sie noch das Datum auf das Formular.','date \\nPlease write the date on the form.','A1'),(302,'dauern \\nWie lange dauert der Film?','to take (duration) \\nHow long is the film?','A1'),(303,'dein- \\nIst das dein Auto?','your \\nIs that your car?','A1'),(304,'dein- \\nIst das deins?','yourself \\nIs that yours?','A1'),(305,'denn \\nIch kann nicht kommen, denn ich bin krank.','because \\nI can’t come because I’m ill.','A1'),(306,'das \\nIch nehme das da.','that \\nI’ll take that there.','A1'),(307,'das \\nIch mag das Buch.','the \\nI like the book.','A1'),(308,'der \\nHier ist der Brief, den du suchst.','the \\nHere is the letter that you’re looking for.','A1'),(309,'die \\nDie Fahrkarte bekommst du am Bahnhof.','the \\nYou will get the ticket at the train station.','A1'),(310,'dich \\nDie Blumen sind für dich.','you (accusative)\\nThe flowers are for you.','A1'),(311,'dies- \\nIch nehme lieber diesen Kuchen.','this \\nI’d prefer to have this cake.','A1'),(312,'dir \\nGefallen dir die Blumen?','you (dative)\\nDo you like the flowers?\\n(Are the flowers pleasing to you?)','A1'),(313,'die Disco \\nHeute abend gehen wir in die Disco tanzen.','disco \\nThis evening we’re going dancing in the disco.','A1'),(314,'der Doktor \\nMeine Tochter ist krank. Wir gehen zum Doktor.','doctor \\nMy daughter is sick. We are going to the doctor.','A1'),(315,'das Doppelzimmer \\nWollen Sie ein Doppelzimmer oder ein Einzelzimmer?','double room \\nWould you like a double room or a single room?','A1'),(316,'das Dorf, -ö, er \\nMeine Familie lebt in einem Dorf.','village \\nMy family lives in a village.','A1'),(317,'dort \\nDort ist mein Zimmer.','there \\nThere\'s my room.','A1'),(318,'dorthin \\nDeine Tasche kannst du dorthin stellen.','there (to that place, in that direction) \\nYou can put your bag there.','A1'),(319,'dorther \\nEr kommt gerade dorther.','from there \\nHe\'s just coming from there.','A1'),(320,'draußen \\nWollen wir draußen sitzen?','outside \\nShall we sit outside? lit. \'do we want to…\'','A1'),(321,'drucken \\nBitte drucke das Formular für mich.','to print \\nPlease print the form for me.','A1'),(322,'der Drucker, – \\nMein Drucker ist kaputt.','printer \\nMy printer is broken.','A1'),(323,'drücken \\nDrück hier, dann geht der Computer an.','to press \\nPress here, then the computer turns on.','A1'),(324,'durch \\nAm besten gehen Sie durch die Breite Straße.','through \\nIt\'s best to go through Breite Straße.','A1'),(325,'die Durchsage, -n \\nIch habe die Durchsage nicht verstanden.','announcement \\nI didn’t understand the announcement.','A1'),(326,'dürfen \\nSie dürfen hier nicht rauchen.','to be allowed; may \\nYou are not allowed to smoke here.','A1'),(327,'dürfen \\nDarf ich Sie zu einem Kaffee einladen?','to be allowed; may \\nMay I invite you for a coffee?','A1'),(328,'dürfen \\nEs darf nicht mehr als 15 Euro kosten.','to be allowed; may\\nIt may not cost more than 15 euros.','A1'),(329,'der Durst \\nHast du etwas zu trinken? Ich habe großen Durst.','thirst \\nDo you have anything to drink? I’m very thirsty.','A1'),(330,'(sich) duschen \\nIch bade nicht so gern, ich dusche lieber.','to shower \\nI don’t like bathing so much, I prefer to shower.','A1'),(331,'die Dusche \\nUnsere Wohnung hat nur eine Dusche.','shower \\nOur flat only has a shower.','A1'),(332,'die Ecke, -n \\nAn der nächsten Ecke links.','corner \\nLeft at the next corner.','A1'),(333,'die Ehefrau, -en\\nDas ist meine (Ehe-) Frau.','wife \\nThat is my wife.','A1'),(334,'der Ehemann, ä, er \\nDas ist mein (Ehe-) Mann.','husband \\nThat is my husband.','A1'),(335,'das Ei, -er \\nMöchtest du ein Ei zum Frühstück?','egg \\nWould you like an egg for breakfast?','A1'),(336,'eilig \\nHast du es eilig?','… Are you in a hurry? \\nes eilig haben = to be in a rush/hurry','A1'),(337,'ein- \\nIch nehme ein Bier. Willst du auch eins?','one / a \\nI’ll have a beer. Do you want one, too?','A1'),(338,'ein- \\nIst hier einer, der das kann?','someone \\nIs there someone here who can do that? alt: \'Ist hier jemand…\'','A1'),(339,'einfach \\nDie Prüfung ist ganz einfach.','simple \\nThe test is very simple.','A1'),(340,'einfach \\nHin und zurück? / Nein, bitte nur einfach.','easy, simple, simply, just\\na single (ticket) Return? / No, just a single, please.','A1'),(341,'einfach \\nIch brauche nur ein einfaches Zimmer.','easy, simple, simply, just\\nI just need a simple room.','A1'),(342,'der Eingang \\nDer Eingang ist um die Ecke.','entrance \\nThe entrance is round the corner.','A1'),(343,'einkaufen \\nIch muss noch für morgen einkaufen.','to go shopping \\nI still need to go shopping for tomorrow.','A1'),(344,'einladen \\nDarf ich Sie zu einem Kaffee einladen?','to invite / treat \\nMay I treat you to a coffee?','A1'),(345,'die Einladung \\nDanke für die Einladung!','invitation \\nThank you for the invitation!','A1'),(346,'noch einmal \\nDiese Prüfung mache ich nicht noch einmal.','again \\nI will not take this exam again.','A1'),(347,'einmal \\nSie dürfen diese Prüfung nur einmal machen.','once \\nYou may only take this exam once.','A1'),(348,'einsteigen \\nSchnell, steig ein, der Zug fährt gleich.','to get on (board) \\nQuick, get on, the train is about to leave!','A1'),(349,'der Eintritt \\nDer Preis für den Eintritt ist 5 Euro.','entry \\nThe price for entry is 5 euros.','A1'),(350,'das Einzelzimmer \\nHaben Sie noch ein Einzelzimmer?','single room \\nDo you have another single room?','A1'),(351,'die Eltern (pl.) \\nMeine Eltern leben in Spanien.','parents \\nMy parents live in spain.','A1'),(352,'die E-Mail, -s \\nIch habe Ihre E-Mail nicht bekommen.','email \\nI didn’t receive your email.','A1'),(353,'der Empfänger, – \\nAuf dem Brief steht dein Name, also bist du der Empfänger.','recipient \\nYour name is on the letter, therefore you are the recipient.','A1'),(354,'empfehlen \\nWelchen Wein können Sie mir empfehlen?','to recommend \\nWhich wine can you recommend to me?','A1'),(355,'enden \\nDie Straße endet hier.','to end \\nThe street ends here.','A1'),(356,'das Ende \\nSie wohnt am Ende der Straße.','end \\nShe lives at the end of the street.','A1'),(357,'das Ende \\nEr bekommt sein Geld am Ende des Monats.','end \\nHe gets his money at the end of the month.','A1'),(358,'entschuldigen \\nEntschuldigen Sie bitte!','to excuse \\nExcuse me, please!','A1'),(359,'die Entschuldigung \\nEntschuldigung! / Bitte.','… Excuse me! / Sure.','A1'),(360,'er \\nEr heißt Ali.','he \\nHe’s called Ali.','A1'),(361,'das Ergebnis, -se \\nDas Ergebnis des Tests bekommen Sie in zwei Wochen.','result \\nYou will receive the test results in two weeks.','A1'),(362,'erklären \\nKannst du mir das erklären?','to explain \\nCan you explain that to me?','A1'),(363,'erlauben \\nRauchen ist hier nicht erlaubt.','allow \\nSmoking is not allowed here.','A1'),(364,'der Erwachsene, -n \\nDieser Film ist nur für Erwachsene.','adult \\nThis film is for adults only.','A1'),(365,'erzählen \\nWir müssen euch etwas erzählen!','to tell \\nWe need to tell you something!','A1'),(366,'es \\nEs regnet.','it \\nIt’s raining.','A1'),(367,'essen \\nWas gibt es zu essen?','to eat \\nWhat is there to eat?','A1'),(368,'das Essen \\nDas Essen ist heute sehr gut.','food \\nThe food is very good today.','A1'),(369,'euer \\nEuer Kurs beginnt heute.','your [pl.] \\nYour course begins today.','A1'),(370,'fahren \\nIch fahre mit dem Auto zur Arbeit.','to travel \\nI go to work by car.','A1'),(371,'der Fahrer \\nBitte nicht mit dem Fahrer sprechen!','driver \\nPlease do not speak to the driver!','A1'),(372,'die Fahrkarte, -n \\nHast du schon eine Fahrkarte?','(transport) ticket \\nDo you already have a ticket?','A1'),(373,'das Fahrrad, -ä, er \\nFährst du mit dem Fahrrad oder mit dem Auto?','bicycle \\nDo you travel by bike or by car?','A1'),(374,'falsch \\nDas ist falsch.','wrong / incorrect \\nThat is wrong.','A1'),(375,'die Familie, -n \\nMeine Familie lebt in Spanien.','family \\nMy family lives in Spain.','A1'),(376,'der Familienname \\nMeine Familiennamen sind García González.','surname \\nMy surname is García González.','A1'),(377,'der Familienstand \\nBei „Familienstand\' musst du „ledig\' ankreuzen.','family/marital status \\nUnder \'family status\' you have to tick \'single\'.','A1'),(378,'die Farbe, -n \\nDie Farbe gefällt mir gut.','colour \\nI like the colour.','A1'),(379,'das Fax, -e \\nSchicken Sie uns einfach ein Fax!','fax \\nJust send us a fax!','A1'),(380,'der Feierabend \\nWir machen jetzt Feierabend.','end of work/home time \\nWe are calling it a day now. / We are finishing work for the day now. … machen = set phrase for the end of work/home time','A1'),(381,'der Feiertag \\nAm Montag ist Feiertag.','bank holiday \\nMonday is a bank holiday.','A1'),(382,'feiern \\nWir feiern heute meinen Geburtstag.','to celebrate \\nToday we are celebrating my birthday.','A1'),(383,'fehlen \\nHerr Müller ist nicht da, er fehlt schon seit drei Tagen.','to be absent \\nMr Müller is not here, he’s been absent for three days.','A1'),(384,'fehlen \\nWas fehlt Ihnen?','to be missing \\nWhat are you missing?','A1'),(385,'der Fehler, – \\nDiesen Fehler mache ich immer.','mistake \\nI always make this mistake.','A1'),(386,'fernsehen \\nWollen wir heute Abend mal fernsehen?','to watch TV \\nShall we watch TV this evening? lit. \'do we want to…\'','A1'),(387,'fertig \\nBist du fertig?','finished / ready / done \\nAre you done?','A1'),(388,'fertig \\nIst mein Auto schon fertig?','finished / ready / done \\nIs my car already finished?','A1'),(389,'das Feuer \\nHaben Sie Feuer?','fire / lighter \\nDo you have a light?','A1'),(390,'das Fieber \\nMein Mann hat noch immer Fieber.','fever \\nMy husband still has a fever.','A1'),(391,'der Film, -e \\nIch möchte gern diesen Film sehen.','film \\nI would like to see this film.','A1'),(392,'finden \\nWir müssen den Schlüssel finden.','to find \\nWe must find the key.','A1'),(393,'die Firma \\nEr arbeitet jetzt bei einer anderen Firma.','company \\nHe works for another company now.','A1'),(394,'der Fisch, -e \\nIch esse gern Fisch. Fleisch mag ich nicht.','fish \\nI like to eat fish. I don’t like meat.','A1'),(395,'die Flasche, -n \\nEine Flasche Bier, bitte.','bottle \\nA bottle of beer, please.','A1'),(396,'das Fleisch \\nFleisch mag ich nicht.','meat \\nI don’t like meat.','A1'),(397,'fliegen \\nIch fliege nicht gern. Deshalb fahre ich mit dem Zug.','to fly \\nI don’t like to fly. That\'s why I travel by train.','A1'),(398,'abfliegen \\nWann fliegst du ab?','to depart (by air) \\nWhen do you depart?','A1'),(399,'der Abflug \\nDer Abflug ist um 11.20 Uhr.','(flight) departure \\nDeparture is at 11:20 am.','A1'),(400,'der Flughafen \\nKannst du mich zum Flughafen bringen?','airport \\nCan you take me to the airport?','A1'),(401,'das Flugzeug \\nDas Flugzeug aus Berlin kommt heute später an.','aeroplane \\nThe plane from Berlin will arrive later today.','A1'),(402,'das Formular, -e \\nSie müssen dieses Formular ausfüllen.','form \\nYou must fill out this form.','A1'),(403,'das Foto, -s \\nDarf ich ein Foto machen?','photograph \\nMay I take a photo?','A1'),(404,'fragen \\nEr möchte Sie etwas fragen. Wann kommen Sie?','to ask \\nHe wants to ask you something. When are you coming?','A1'),(405,'die Frage, -n \\nIch habe eine Frage.','question \\nI have a question.','A1'),(406,'die Frau \\nDas ist Frau Becker.','Ms; woman; wife\\nThat is Ms Becker.','A1'),(407,'die Frau \\nDie Frau da drüben ist Eva Schmitt.','Ms; woman; wife\\nThe woman over there is Eva Schmitt.','A1'),(408,'die Frauen \\nHier arbeiten mehr Frauen als Männer.','women \\nMore women work here than men.','A1'),(409,'frei \\nIst der Platz noch frei?','free\\nIs this seat still free?','A1'),(410,'die Freizeit \\nIn meiner Freizeit spiele ich oft Fußball.','free time \\nI often play football in my free time.','A1'),(411,'fremd \\nDas weiß ich nicht, ich bin fremd hier.','foreign \\nI don’t know, I’m not from here.','A1'),(412,'(sich) freuen \\nIch freue mich auf den Urlaub.','to look forward \\nI’m looking forward to the holiday.','A1'),(413,'der Freund, -e \\nDas ist ein Freund von mir.','friend \\nThat is a friend of mine.','A1'),(414,'die Freundin \\nDas ist meine Freundin.','friend / girlfriend \\nThat is my friend/girlfriend. (Context differentiates between friend/girlfriend)','A1'),(415,'früher \\nFrüher waren wir oft zusammen im Kino.','earlier / in the past \\nIn the past we often went to the cinema together.','A1'),(416,'frühstücken \\nAm Sonntag frühstücke ich gern im Bett.','to have breakfast \\nOn Sunday I like to have breakfast in bed.','A1'),(417,'das Frühstück \\nMöchtest du ein Ei zum Frühstück?','breakfast \\nWould you like an egg for breakfast?','A1'),(418,'die Führung \\nDie Führung durch das Haus beginnt in 3 Minuten.','tour \\nThe tour of the house begins in 3 minutes.','A1'),(419,'für \\nDas ist für Sie.','for \\nThat\'s for you.','A1'),(420,'für \\nDas ist der Schlüssel für die Haustür.','for \\nThat\'s the key for the front door.','A1'),(421,'für \\nDas ist das Brot für morgen.','for \\nThat\'s the bread for tomorrow.','A1'),(422,'der Fuß, -ü, e \\nDer linke Fuß tut mir weh.','foot \\nMy left foot hurts.','A1'),(423,'der Fußball \\nSpielt ihr gerne Fußball?','football \\nDo you like playing football?','A1'),(424,'der Garten \\nWir haben leider keinen Garten.','garden \\nUnfortunately we don\'t have a garden.','A1'),(425,'der Gast, -ä, e \\nAm Wochenende haben wir mehrere Gäste.','guest \\nAt the weekend we have several guests.','A1'),(426,'geben \\nKannst du mir bitte deinen Kugelschreiber geben?','to give \\nCan you give me your pen, please?','A1'),(427,'es gibt \\nEs gibt keine Karten mehr.','there is/are \\nThere are no more tickets.','A1'),(428,'geboren \\nIch bin in Zagreb geboren.','born \\nI was born in Zagreb.','A1'),(429,'das Geburtsjahr \\nDas Geburtsjahr Ihres Sohnes, bitte?','birth year \\nYour son\'s year of birth, please?','A1'),(430,'der Geburtsort \\nBitte schreiben Sie Ihren Geburtsort auf das Formular.','birthplace \\nPlease write your birthplace on the form.','A1'),(431,'der Geburtstag \\nHerzlichen Glückwunsch zum Geburtstag!','birthday \\n\'Best wishes on your birthday!\' or simply, \'Happy birthday!\'','A1'),(432,'gefallen \\nDas gefällt mir.','to like \\nI like that.','A1'),(433,'gegen \\nFahr nicht gegen den Baum!','into; against \\nDon’t drive into the tree!','A1'),(434,'gegen \\nIch bin gegen diese Lösung.','into; against\\nI am against this solution.','A1'),(435,'gegen \\nWer spielt gegen wen?','against \\nWho is playing against whom?','A1'),(436,'gehen \\nIch weiß nicht, wie das geht.','to go/work/function \\nI don’t know how it works./I don\'t know how to do that.','A1'),(437,'gehen \\nWie geht\'s?','to go/work/function\\nHow is it going?','A1'),(438,'gehen \\nJetzt muss ich (aber) leider gehen.','to go/work/function\\nUnfortunately I need to go now.','A1'),(439,'gehen \\nIch muss zum Arzt gehen.','to go/work/function\\nI need to go to the doctor.','A1'),(440,'gehen \\nDas geht nicht!','to be okay \\nThat’s not okay!','A1'),(441,'gehören \\nWem gehört das?','to belong \\nTo whom does that belong?','A1'),(442,'das Geld \\nHast du noch Geld?','money \\nDo you still have money?','A1'),(443,'das Gemüse \\nGemüse brauchen wir auch noch.','vegetables \\nWe also need vegetables.','A1'),(444,'das Gepäck \\nWollen Sie Ihr Gepäck mitnehmen?','luggage \\nDo you want to take your luggage with you?','A1'),(445,'gerade \\nDa kommt er ja gerade.','now \\nThere he comes now.','A1'),(446,'geradeaus \\nGehen Sie immer geradeaus!','straight ahead\\nKeep going straight on!','A1'),(447,'gern(e) \\nIch gehe gerne einkaufen.','… I like to go shopping. etwas gern tun = to like doing something','A1'),(448,'das Geschäft, -e \\nDie Geschäfte schließen um 18.30 Uhr.','shop \\nThe shops close at 6:30 pm.','A1'),(449,'das Geschenk, -e \\nDanke für das schöne Geschenk.','present \\nThank you for the beautiful present.','A1'),(450,'die Geschwister (pl.) \\nIch habe leider keine Geschwister.','sibling \\nUnfortunately I have no siblings.','A1'),(451,'das Gespräch, -e \\nDas Gespräch mit Frau Kunz ist um 14 Uhr.','conversation/talk/call \\nThe conversation with Ms Kunz is at 2 pm.','A1'),(452,'gestern \\nGestern war ich krank.','yesterday \\nYesterday I was ill.','A1'),(453,'gestorben \\nMeine Katz ist gestern gestorben.','died \\nMy cat died yesterday.','A1'),(454,'das Getränk, -e \\nMein Lieblingsgetränk ist Tomatensaft.','drink \\nMy favourite drink is tomato juice.','A1'),(455,'das Gewicht \\nBei „Gewicht“ schreibst du: 62 Kilo.','weight \\nFor \'weight\', write 62 kg.','A1'),(456,'gewinnen \\nWer gewinnt das Spiel?','to win \\nWho is winning the game?','A1'),(457,'das Glas, -ä, er \\nBitte noch ein Glas Wein!','glass \\nAnother glass of wine, please!','A1'),(458,'das Glas, -ä, er \\nWir brauchen noch drei Gläser.','glasses \\nWe need three more glasses.','A1'),(459,'glauben \\nSie können mir glauben, es ist so.','to believe \\nYou can believe me, it’s true.','A1'),(460,'glauben \\nIch glaube, er kommt gleich.','to think \\nI think he’ll be here in a moment.','A1'),(461,'gleich \\nDas ist mir gleich.','same \\nIt’s all the same to me.','A1'),(462,'gleich \\nDas ist der gleiche Preis.','same \\nThat is the same price.','A1'),(463,'gleich \\nIch komme gleich.','now \\nI’ll be right there.','A1'),(464,'das Gleis, -e \\nDer ICE nach Berlin hält heute an Gleis 12.','platform \\nThe ICE to Berlin is stopping on platform 12 today.','A1'),(465,'das Glück \\nViel Glück!','luck \\nGood luck!','A1'),(466,'glücklich \\nMeine Kinder sind glücklich verheiratet.','happily \\nMy children are happily married.','A1'),(467,'der Glückwunsch\\nHerzlichen Glückwunsch zum Geburtstag.','congratulations \\nBest wishes on your birthday!','A1'),(468,'Grad (Celsius)\\nHeute haben wir dreißig Grad.','degrees \\nToday it is thirty degrees.','A1'),(469,'gratulieren \\nIch gratuliere dir!','to congratulate \\nI congratulate you!','A1'),(470,'grillen \\nHeute grillen wir im Garten.','to (have a) barbecue \\nToday we are having a barbecue in the garden.','A1'),(471,'groß \\nMein Bruder und ich sind gleich groß.','tall \\nMy brother and I are the same height.','A1'),(472,'groß \\nFrankfurt ist eine große Stadt.','large \\nFrankfurt is a large town.','A1'),(473,'die Größe \\nHaben Sie das auch in Größe 40?','size \\nDo you also have that in size 40?','A1'),(474,'die Großeltern (pl.) \\nMeine Großeltern leben in Japan.','grandparents \\nMy grandparents live in Japan.','A1'),(475,'die Großmutter \\nMeine Großmutter heißt Eva.','grandmother \\nMy grandmother is called Eva.','A1'),(476,'der Großvater \\nMein Großvater ist schon 80.','grandfather \\nMy grandfather is already 80.','A1'),(477,'die Gruppe, -n \\nDie erste Gruppe beginnt um 16 Uhr.','group \\nThe first group begins at 4 pm.','A1'),(478,'der Gruß, -ü, e \\nViele Grüße an Ihre Frau.','regards \\nGive my regards to your wife.','A1'),(479,'der Gruß, -ü, e \\nMit freundlichen Grüßen','regards \\nKind regards.','A1'),(480,'gültig \\nDer Pass ist nicht mehr gültig.','valid \\nThe passport is no longer valid.','A1'),(481,'günstig \\nDort gibt es günstige Angebote.','cheap \\nThere are cheap offers there.','A1'),(482,'gut \\nDas finde ich gut.','good \\nI think that’s good.','A1'),(483,'gut \\nIch komme um 13 Uhr. / Gut!','good \\nI will arrive at 1 pm. / Good!','A1'),(484,'gut \\nGuten Morgen!','good \\nGood morning!','A1'),(485,'gut \\nEin gutes neues Jahr!','… Happy new year!','A1'),(486,'gut \\nGuten Appetit!','… Bon appetit!','A1'),(487,'das Haar, -e \\nSie hat lange Haare.','hair \\nShe has long hair.','A1'),(488,'haben \\nIch habe ein neues Auto.','to have \\nI have a new car.','A1'),(489,'das Hähnchen, - \\nEin Hähnchen mit Pommes bitte!','chicken \\nChicken with chips, please!','A1'),(490,'die Halbpension \\nMöchten Sie Vollpension oder Halbpension?','half-board (dining) \\nWould you like full or half-board?','A1'),(491,'die Halle \\nWir treffen uns in Halle B.','hall \\nWe will meet in hall B.','A1'),(492,'hallo \\nHallo Inge! Wie geht’s?','hello \\nHello Inge! How’s it going?','A1'),(493,'halten \\nDieser Zug hält nicht in Rüdesheim.','to stop \\nThis train does not stop in Rüdesheim.','A1'),(494,'die Haltestelle \\nAn der nächsten Haltestelle müssen Sie aussteigen.','(public transport) stop \\nAt the next stop you must alight.','A1'),(495,'die Hand, -ä, e \\nEr gibt mir die Hand.','hand \\nHe gives me his hand.','A1'),(496,'das Handy, -s \\nIn der Schule bitte die Handys ausmachen!','mobile telephone \\nPlease turn off your mobile phones in school!','A1'),(497,'das Haus, -ä, er \\nIn welchem Haus wohnst du?','house / building \\nWhich house do you live in?','A1'),(498,'das Haus, -ä, er \\nIch gehe jetzt nach Hause.','home \\nI’m going home now.','A1'),(499,'das Haus, -ä, er \\nPaul ist nicht zu Hause.','home \\nPaul is not home.','A1'),(500,'die Hausaufgabe,-n \\nKannst du mir bei den Hausaufgaben helfen?','homework \\nCan you help me with the homework?','A1'),(501,'die Hausfrau, -en \\nDie Hausfrau wäscht, kocht und kauft ein.','housewife \\nThe housewife washes, cooks, and goes shopping.','A1'),(502,'der Hausmann \\nDer Hausmann wäscht, kocht und kauft ein.','househusband \\nThe househusband washes, cooks, and goes shopping.','A1'),(503,'die Heimat \\nIch komme aus der Schweiz. Das ist meine Heimat.','home \\nI come from Switzerland. It’s my home.','A1'),(504,'heiraten \\nMeine Schwester heiratet einen Japaner.','to marry \\nMy sister is marrying a Japanese man.','A1'),(505,'heißen \\nIch heiße Charlotte Meier.','to be called \\nI’m called Charlotte Meier.','A1'),(506,'heißen \\nWie heißt das auf Deutsch?','to be called \\nWhat’s that called in German?','A1'),(507,'helfen \\nKönnen Sie mir helfen, bitte?','to help \\nCan you help me, please?','A1'),(508,'hell \\nIm Sommer ist es bis 21 Uhr hell.','light \\nIn summer it is light until 9 pm.','A1'),(509,'der Herd \\nIn der neuen Küche fehlt noch der Herd.','stove \\nThe stove is still missing from the new kitchen.','A1'),(510,'der Herr, -en \\nGuten Tag, Herr Sommer!','Mister \\nGood day, Mr Sommer!','A1'),(511,'herzlich \\nHerzlichen Glückwunsch!','hearty, sincere, warm, heartfelt\\nHearty Congratulations!','A1'),(512,'heute \\nHeute ist ein schöner Tag.','today \\nToday is a beautiful day.','A1'),(513,'hier \\nHier ist 06131-553221, Pamela Linke.','here \\nThis is 06131-553221, Pamela Linke.','A1'),(514,'hier \\nHier wohne ich.','here \\nI live here.','A1'),(515,'die Hilfe \\nHilfe! Bitte helfen Sie mir!','help \\nHelp! Please help me!','A1'),(516,'die Hilfe \\nBrauchen Sie meine Hilfe?','help \\nDo you need my help?','A1'),(517,'hinten \\nDie Tür zum Aussteigen ist hinten.','at/in the back \\nThe exit door is at the back.','A1'),(518,'das Hobby, -s \\nMeine Hobbys sind Wandern und Schwimmen.','hobby \\nMy hobbies are hiking and swimming.','A1'),(519,'hoch \\nDer Mount Everest ist 8.880 Meter hoch.','high \\nMount Everest is 8,880 metres high.','A1'),(520,'die Hochzeit \\nZur dieser Hochzeit kommen mehr als fünfzig Gäste.','marriage \\nMore than fifty guests are coming to this wedding.','A1'),(521,'holen \\nIch hole zwei Flaschen Wasser aus der Küche.','to fetch \\nI’m fetching two bottles of water from the kitchen.','A1'),(522,'hören \\nHör mal! Was ist das?','to listen \\nListen! What is that?','A1'),(523,'hören \\nIch habe das Lied schon mal gehört.','to hear \\nI have already heard that song.','A1'),(524,'das Hotel, -s \\nIm Urlaub sind wir in einem Hotel am Meer.','hotel \\nOn holiday we are in a hotel by the sea.','A1'),(525,'der Hund, -e \\nDer Hund ist noch jung.','dog \\nThe dog is still young.','A1'),(526,'der Hunger \\nIch habe Hunger! Wann ist das Essen fertig?','hunger \\nI’m hungry! When will the food be ready?','A1'),(527,'ich \\nIch heiße Veronika.','I \\nI’m called Veronika.','A1'),(528,'ihm/ihr \\nGib ihm/ihr bitte das Buch.','him/her \\nPlease give the book to him/her.','A1'),(529,'ihn \\nRuf ihn bitte an.','him \\nCall him, please.','A1'),(530,'immer \\nFrau Bast kommt immer zu spät.','always \\nMs Bast is always late.','A1'),(531,'in \\nIch wohne in Wiesbaden.','in \\nI live in Wiesbaden.','A1'),(532,'in \\nDer Zug kommt in fünf Minuten.','in \\nThe train comes in five minutes.','A1'),(533,'in \\nFrau Rausch arbeitet in einem Geschäft.','in \\nMs Rausch works in a shop.','A1'),(534,'in \\nKomm, wir gehen ins Kino.','to \\nCome on, we’re going to the cinema.','A1'),(535,'die Information, -en\\nWenn Sie Fragen haben, gehen Sie zur Information.','information point \\nIf you have questions, go to the information point.','A1'),(536,'die Information, -en \\nWir haben hier wichtige Informationen für Sie.','information \\nWe have important information for you.','A1'),(537,'international \\nUnser Deutschkurs ist international: Silvana kommt aus Italien, Conchi aus Spanien, Yin aus China ...','international \\nOur German course is international: Silvana comes from Italy, Conchi from Spain, Yin from China, …','A1'),(538,'das Internet \\nDas findest du im Internet.','internet \\nYou will find that on the internet.','A1'),(539,'ja \\nSind Sie Herr Watanabe? / Ja.','yes \\nAre you Mr Watanabe? / Yes.','A1'),(540,'die Jacke, -n \\nZieh dir eine Jacke an. Es ist kalt.','jacket \\nPut your jacket on. It’s cold.','A1'),(541,'jed- \\nBlumen kannst du in jedem Bahnhof kaufen.','every \\nYou can buy flowers at every station.','A1'),(542,'jetzt \\nJetzt machen wir eine Pause.','now \\nNow we will take a break.','A1'),(543,'der Job, -s \\nJenny hat einen neuen Job bei der Post.','job \\nJenny has a new job at the post office.','A1'),(544,'der Jugendliche, -n \\nViele Jugendliche kaufen gern ein.','youth/young person \\nMany youths like shopping.','A1'),(545,'jung \\nClaudia ist 21. / Was? Noch so jung?','young \\nClaudia is 21. / What? Still so young?','A1'),(546,'der Junge, -n \\nIch habe zwei Kinder. Einen Jungen und ein Mädchen.','boy \\nI have two children. One boy and one girl.','A1'),(547,'der Kaffee \\nZum Frühstück trinke ich immer Kaffee.','coffee \\nFor breakfast I always drink coffee.','A1'),(548,'kaputt \\nDas Glas war teuer. Es geht sehr leicht kaputt.','… The glass was expensive. It will break very easily. kaputt gehen = to break','A1'),(549,'kaputt \\nDas Glas ist kaputt.','broken \\nThe glass is broken.','A1'),(550,'die Karte, -n \\nIch schreibe meinen Bekannten eine Karte aus dem Urlaub.','card \\nI’ll write my acquaintances a card from holiday.','A1'),(551,'die Karte, -n \\nWollen wir Karten spielen?','card \\nShall we play cards? lit. \'do we want to…\'','A1'),(552,'die Karte, -n \\nIch möchte auch etwas essen. Bringen Sie mir die Karte, bitte.','menu \\nI also want to eat something. Please bring me the menu.','A1'),(553,'(Kredit)-Karte, -n \\nKann ich auch mit Karte (be-) zahlen?','(credit) card \\nCan I also pay by card?','A1'),(554,'die Kartoffel, -n \\nFür Pommes frites braucht man Kartoffeln.','potato \\nFor chips you need potatoes.','A1'),(555,'die Kasse \\nZahlen Sie bitte an der Kasse.','cash register\\nPlease pay at the till.','A1'),(556,'kaufen \\nTim kauft sich ein neues Auto.','to buy \\nTim buys himself a new car.','A1'),(557,'kein \\nEs gibt keine Eintrittskarten mehr.','no/none \\nThere are no more tickets.','A1'),(558,'kennen \\nKennen Sie diese Frau? / Nein, leider nicht.','to know \\nDo you know this woman? / No, unfortunately not.','A1'),(559,'kennenlernen \\nWir sind neu hier. Wir möchten Sie kennenlernen.','to get to know \\nWe are new here. We would like to get to know you.','A1'),(560,'das Kind, -er \\nWie viele Kinder haben Sie?','child \\nHow many children do you have?','A1'),(561,'der Kindergarten \\nDie kleine Laura geht schon in den Kindergarten.','kindergarten \\nLittle Laura is already going to kindergarten.','A1'),(562,'das Kino, -s \\nWir sehen heute Abend im Kino einen schönen Film.','cinema \\nWe’re watching a lovely film this evening.','A1'),(563,'der Kiosk \\nAm Kiosk bekommen Sie Getränke, Zigaretten und Zeitungen.','kiosk \\nAt the kiosk you can get drinks, cigarettes, and newspapers.','A1'),(564,'klar \\nKommst du mit? / Klar!','of course / naturally \\nAre you coming with us? / Of course!','A1'),(565,'die Klasse \\nIn unserer Klasse sind fünfundzwanzig Schüler.','class \\nIn our class there are twenty five pupils.','A1'),(566,'die Klasse \\nIm Zug fahre ich immer 2. Klasse.','class \\nOn the train I always travel in second class.','A1'),(567,'die Kleidung \\nWo finde ich Kleidung? / Jacken im ersten, Jeans im zweiten Stock.','clothes \\nWhere can I find clothes? / Jackets on the first floor, jeans on the second.','A1'),(568,'klein \\nEltville ist eine kleine Stadt am Rhein.','small \\nEltwille is a small town on the Rhine.','A1'),(569,'kochen \\nHerr Georgi kann gut kochen.','to cook \\nMr Georgi is good at cooking.','A1'),(570,'der Koffer, – \\nIst das Ihr Koffer?','suitcase \\nIs that your suitcase?','A1'),(571,'der Kollege, -n \\nWie heißt die neue Kollegin?','colleague \\nWhat’s the new colleague called? NB: female','A1'),(572,'kommen \\nWoher kommen Sie? / Aus Frankreich.','to come \\nWhere do you come from? / From France.','A1'),(573,'kommen \\nKommst du mit ins Schwimmbad?','to come \\nAre you coming with us to the pool?','A1'),(574,'können \\nIch kann Deutsch und Russisch.','to be able to \\nI can speak German and Russian.','A1'),(575,'können \\nKönnen Sie mir helfen?','to be able to \\nCan you help me?','A1'),(576,'das Konto \\nDas Geld überweisen wir am ersten März auf Ihr Konto.','account \\nWe will transfer the money to your account on the first of March.','A1'),(577,'der Kopf \\nMein Kopf tut weh!','head \\nMy head hurts!','A1'),(578,'kosten \\nWie viel kostet das? / 10 Euro.','to cost \\nHow much does that cost? / 10 euros.','A1'),(579,'krank \\nIch kann heute nicht zur Arbeit kommen, ich bin krank und liege im Bett.','ill \\nI can’t come to work today, I’m ill in bed.','A1'),(580,'kriegen \\nIch kriege 15 Euro in der Stunde für meine Arbeit.','to get \\nI get 15 euros an hour for my work.','A1'),(581,'die Küche \\nDer neue Herd kommt in die Küche.','kitchen \\nThe new stove goes in the kitchen.','A1'),(582,'der Kuchen \\nIch nehme ein Stück Kuchen.','cake \\nI’ll have a piece of cake.','A1'),(583,'der Kugelschreiber \\nHast du einen Kugelschreiber für mich?','ball-point pen \\nDo you have a pen I can borrow?','A1'),(584,'der Kühlschrank \\nHaben wir noch Milch? / Ja, im Kühlschrank.','fridge \\nDo we still have milk? / Yes, in the fridge.','A1'),(585,'kulturell interessiert \\nIch bin kulturell interessiert. Ich gehe oft ins Museum.','interested in culture \\nI am interested in culture. I often go to the museum.','A1'),(586,'kulturell \\nDie Geschichte ist kulturell wichtig.','cultural \\nHistory is culturally important.','A1'),(587,'sich kümmern \\nJede Mutter kümmert sich um ihre kleinen Kinder.','to look after \\nEvery mother looks after her little children.','A1'),(588,'der Kunde, -n \\nEinen Moment, bitte. Ich habe eine Kundin.','customer \\nOne moment, please. I have a customer. NB: female','A1'),(589,'der Kurs, -e \\nDer Deutschkurs geht bis zum Sommer.','course \\nThe German course runs until summer.','A1'),(590,'kurz \\nRicardo hat kurzes Haar.','short \\nRicardo has short hair.','A1'),(591,'lachen \\nDie Kinder lachen viel.','to laugh \\nThe children laugh a lot.','A1'),(592,'der Laden, -ä \\nIm Buchladen können Sie Bücher kaufen.','shop \\nIn the bookshop you can buy books.','A1'),(593,'das Land, -ä, er \\nItalien ist ein schönes Land.','country \\nItaly is a beautiful country.','A1'),(594,'lang \\nDie Jeans ist zu lang.','long \\nThe jeans are too long.','A1'),(595,'lange \\nWie lange fährt der Zug von Hamburg nach Berlin?','long \\nHow long is the train journey from Hamburg to Berlin?','A1'),(596,'langsam \\nKönnten Sie bitte etwas langsamer sprechen?','slow \\nCan you please speak a little slower?','A1'),(597,'laufen \\nIch möchte nicht Auto fahren, ich möchte laufen.','to walk/run \\nI don’t want to go by car, I want to walk.','A1'),(598,'laut \\nNicht so laut! Das Baby schläft.','loud \\nNot so loud! The baby is sleeping.','A1'),(599,'leben \\nSie lebt bei ihrer Schwester.','to live \\nShe lives at her sister‘s.','A1'),(600,'leben \\nIhre Eltern leben nicht mehr.','to live \\nHer parents are no longer alive.','A1'),(601,'das Leben \\nDas Leben in diesem Land ist teuer.','life \\nLife in this country is expensive.','A1'),(602,'die Lebensmittel (pl.) \\nLebensmittel bekommen Sie im Supermarkt.','food \\nYou can get food from the supermarket.','A1'),(603,'ledig \\nSind Sie verheiratet? / Nein. Ledig.','single \\nAre you married? / \\nNo. Single. NB: marital status, not relationship status','A1'),(604,'legen \\nLegen Sie das Buch auf den Tisch.','to put \\nPut the book on the table.','A1'),(605,'der Lehrer, – \\nUnsere Deutschlehrerin heißt Frau Müller.','teacher \\nOur German teacher is called Ms Müller.','A1'),(606,'leicht \\nDer Koffer ist leicht.','light (weight) \\nThe suitcase is light.','A1'),(607,'leicht \\nDeutsch ist nicht leicht.','easy \\nGerman is not easy.','A1'),(608,'leider \\nLeider kann ich nicht kommen. Ich muss zum Arzt.','unfortunately \\nUnfortunately I can’t come. I need to go to the doctor.','A1'),(609,'leise \\nSeid leise. Die anderen schlafen schon.','quiet \\nBe quiet. The others are already asleep.','A1'),(610,'lernen \\nWie lange lernen Sie schon Deutsch?','to learn \\nHow long have you been learning German?','A1'),(611,'lesen \\nIch lese ein Buch von García Márquez.','to read \\nI’m reading a book by García Márquez.','A1'),(612,'letzt- \\nMorgen ist der letzte Kurstag.','last \\nTomorrow is the last day of the course.','A1'),(613,'die Leute (pl.) \\nIn der Disko sind viele Leute.','people \\nThere are a lot of people at the disco.','A1'),(614,'das Licht \\nWo macht man hier das Licht an?','light \\nWhere do you switch on the light here?','A1'),(615,'lieb- \\nLiebe Susanne, lieber Hans,','dear \\nDear Susanne, dear Hans,','A1'),(616,'lieben \\nIch liebe dich!','to love \\nI love you!','A1'),(617,'lieber \\nSie fährt lieber mit der Bahn.','to prefer \\nShe prefers to travel by train. lieber + verb = to prefer doing something','A1'),(618,'Lieblings- \\nMein Lieblingsfilm ist „Schwarze Augen\'.','favourite \\nMy favourite film is \'Dark Eyes\'.','A1'),(619,'das Lied, -er \\nWelches ist dein Lieblingslied?','song \\nWhich is your favourite song?','A1'),(620,'liegen \\nUm neun Uhr liegt Judith noch im Bett.','to lie \\nAt 9 am Judith is still (lying) in bed.','A1'),(621,'liegen \\nFrankfurt liegt am Main.','to lie / be located \\nFrankfurt lies on the Main. NB: not used for humans','A1'),(622,'links \\nGehen Sie die nächste Straße links.','left \\nGo down the next street on the left.','A1'),(623,'der Lkw, -s \\nDieser Lastkraftwagen ist sehr groß.','HGV \\nThat heavy goods vehicle is very large.','A1'),(624,'das Lokal \\nIn unserer Straße gibt es ein neues Lokal.','pub \\nThere is a new pub on our street.','A1'),(625,'die Lösung, -en \\nDie Lösung ist ganz einfach.','solution \\nThe solution is quite simple.','A1'),(626,'lustig \\nFrau Mertens ist lustig. Sie lacht immer.','funny \\nMs Mertens is funny. She is always laughing.','A1'),(627,'machen \\nWas machst du heute Abend?','to do \\nWhat are you doing this evening?','A1'),(628,'machen \\nIch muss jetzt das Essen machen.','to make \\nI need to make the food now.','A1'),(629,'machen \\nDas macht 5 Euro 95.','to come to \\nThat comes to 5 euros 95.','A1'),(630,'machen \\nDas macht nichts.','… It doesn\'t matter. set phrase','A1'),(631,'das Mädchen, – \\nFamilie Kurz bekommt ein Baby. / Junge oder Mädchen?','girl \\nThe Kurz family are expecting a new baby. / Boy or girl?','A1'),(632,'man \\nHier darf man nicht rauchen.','one / impersonal ‘you’ \\nYou may not smoke here. NB: does not sound pretentious in German','A1'),(633,'der Mann, -ä, er \\nMein Mann arbeitet bei der Polizei.','man / husband \\nMy husband works for the police.','A1'),(634,'männlich \\nKreuzen Sie bitte an: „weiblich\' oder „männlich\'.','male \\nPlease tick \'female\' or \'male\'.','A1'),(635,'die Maschine, -n \\nDie Waschmaschine ist günstig.','machine \\nThe washing machine is cheap.','A1'),(636,'das Meer \\nWir machen Urlaub am Meer.','sea \\nWe are holidaying by the sea.','A1'),(637,'mehr \\nDieses Auto kostet 1.000 Euro mehr als das andere.','more \\nThis car costs 1000 euros more than the other.','A1'),(638,'mein \\nMein Vater ist Arzt.','my \\nMy father is a doctor.','A1'),(639,'meist- \\nDie meisten Norddeutschen sind sehr groß.','most \\nMost northern Germans are very tall.','A1'),(640,'der Mensch, -en \\nDie Menschen sind hier anders als bei uns.','people \\nThe people here are different than at home.','A1'),(641,'mieten \\nIch möchte ein Auto mieten.','to rent \\nI would like to rent a car.','A1'),(642,'die Miete \\nDie Miete für diese Wohnung ist 600 Euro.','rent \\nThe rent for this flat is 600 euros.','A1'),(643,'die Milch \\nDie Milch steht im Kühlschrank.','milk \\nThe milk is in the fridge.','A1'),(644,'mit \\nTrinken Sie den Kaffee mit Milch?','with \\nDo you take milk with your coffee?','A1'),(645,'mitbringen \\nIch gehe einkaufen. Soll ich dir was mitbringen?','to bring with one / to get (sth. for sb.) \\nI’m going shopping. Should I get you anything?','A1'),(646,'mitkommen \\nIch gehe ins Kino. Kommst du mit?','to come with \\nI’m going to the cinema. Are you coming with me?','A1'),(647,'mitmachen \\nWarum macht ihr nicht mit?','to join in \\nWhy don‘t you join in? NB: addressing a group informally','A1'),(648,'mitnehmen \\nNehmen wir meine Schwester ins Kino mit?','to take with \\nAre we taking my sister with us to the cinema?','A1'),(649,'die Mitte \\nDer Lehrer steht in der Mitte des Klassenzimmers.','middle \\nThe teacher stands in the middle of the classroom.','A1'),(650,'die Möbel (pl.) \\nSind die Möbel neu?','furniture \\nIs the furniture new?','A1'),(651,'möchten \\nWas möchten Sie trinken?','would like to \\nWhat would you like to drink?','A1'),(652,'mögen \\nMagst du Kaffee oder Tee?','to like \\nDo you like coffee or tea?','A1'),(653,'(sich) waschen \\nIch wasche mich morgens.','to wash \\nI wash in the morning.','A1'),(654,'die Nummer, -n \\nSie haben Zimmer Nummer zwölf.','number \\nYou have room number twelve.','A1'),(655,'﻿möglich \\nMit dieser Fahrkarte ist die Fahrt ab 9 Uhr möglich.','possible \\nWith this ticket, it is possible to travel after 9 am.','A1'),(656,'der Moment \\nMoment mal bitte!','moment \\nJust a moment, please!','A1'),(657,'der Moment \\nEinen Moment bitte.','moment \\nOne moment, please.','A1'),(658,'morgen \\nMorgen beginnt die Schule um 10 Uhr.','tomorrow \\nTomorrow school begins at 10 am.','A1'),(659,'müde \\nIch bin müde. Ich gehe schlafen.','tired \\nI’m tired. I’m going to sleep.','A1'),(660,'der Mund \\nÖffnen Sie den Mund.','mouth \\nOpen your mouth.','A1'),(661,'müssen \\nIch muss jeden Tag von 8 Uhr bis 18 Uhr arbeiten.','to have to \\nI have to work from 8 am to 6 pm every day.','A1'),(662,'die Mutter, -ü \\nFrau Berghäuser ist die Mutter von Michaela.','mother \\nMs Berghäuser is the mother of Michaela.','A1'),(663,'nach \\nIch gehe jetzt nach Hause.','to (somewhere) \\nI’m going home now.','A1'),(664,'nach \\nIch fliege nach München.','to (somewhere) \\nI’m flying to Munich.','A1'),(665,'nach \\nEs ist schon 5 nach 12.','after / past (time) \\nIt is already 5 past 12.','A1'),(666,'nächst- \\nSehen wir uns nächste Woche?','next \\nAre we seeing each other next week?','A1'),(667,'der Name, -n \\nMein Name ist Thomas Schmidt.','name \\nMy name is Thomas Schmidt.','A1'),(668,'der Name, -n \\nMein Vorname ist Thomas, Schmidt ist der Familienname.','name \\nMy first name is Thomas, Schmidt is the surname.','A1'),(669,'nehmen \\nHeute gibt es Hähnchen. Das nehme ich.','to have (food/drink) \\nThere is chicken today. I’ll have that.','A1'),(670,'nehmen \\nIch nehme den Bus.','to take \\nI take the bus.','A1'),(671,'nein \\nFährst du auch nach München? / Nein, ich habe keine Zeit.','no \\nAre you also travelling to Munich? / No, I don‘t have time.','A1'),(672,'neu \\nIch bin der neue Kollege.','new \\nI am the new colleague. NB: male','A1'),(673,'neu \\nWir haben eine neue Wohnung.','new \\nWe have a new flat.','A1'),(674,'nicht \\nDas stimmt nicht.','not \\nThat’s not right.','A1'),(675,'nicht \\nDas ist doch schön, nicht?','no \\nThat’s really beautiful, no?','A1'),(676,'nichts \\nDas macht nichts.','nothing\\n… It\'s okay, don\'t worry. (set phrase)','A1'),(677,'nichts \\nHier kaufe ich nichts. Der Laden gefällt mir nicht.','nothing \\nI won’t buy anything here. I don’t like the shop.','A1'),(678,'nie \\nEr kommt nie pünktlich.','never \\nHe is never on time.','A1'),(679,'noch \\nVielleicht kommt er noch.','still \\nPerhaps he will still come.','A1'),(680,'noch \\nWir warten noch fünf Minuten.','another \\nWe will wait another five minutes.','A1'),(681,'noch \\nIch habe noch 20 Euro.','still \\nI still have 20 euros.','A1'),(682,'normal \\n75 kg. Sein Gewicht ist normal.','normal \\n75 kg. His weight is normal.','A1'),(683,'die Nummer, -n \\nWelche Hausnummer haben Sie?','number \\nWhich house number is yours?','A1'),(684,'die Nummer, -n \\nKönnen Sie mir Ihre Nummer geben?','number \\nCan you give me your number?','A1'),(685,'nur \\nIch möchte nur ein Glas Wasser.','only \\nI only want a glass of water.','A1'),(686,'oben \\nIch wohne oben.','upstairs \\nI live upstairs.','A1'),(687,'das Obst \\nIm Sommer ist das Obst billig.','fruit \\nIn summer fruit is cheap.','A1'),(688,'oder \\nWann können Sie kommen – heute oder morgen?','or \\nWhen can you come – today or tomorrow?','A1'),(689,'öffnen \\nIch öffne die Tür.','to open \\nI open the door.','A1'),(690,'geöffnet \\nDer Laden ist samstags bis 16:00 Uhr geöffnet.','open \\nThe shop is open until 4 pm on Saturdays.','A1'),(691,'oft \\nPetra treffe ich oft.','often \\nI often meet Petra.','A1'),(692,'ohne \\nOhne Geld kann er nichts kaufen.','without \\nWithout money he can’t buy anything.','A1'),(693,'das Öl \\nDen Salat machen wir ohne Öl.','oil \\nWe make the salad without oil.','A1'),(694,'die Oma, -s \\nMeine Oma ist schon tot.','grandmother \\nMy grandmother is already dead.','A1'),(695,'der Opa, -s \\nMein Opa heißt Hans.','grandfather \\nMy grandfather is called Hans.','A1'),(696,'die Ordnung \\nDas ist in Ordnung.','order, orderliness, arrangement\\nThat is in order/acceptable/fine.','A1'),(697,'der Ort, -e \\nDer Ort liegt am Meer.','location / place \\nThat place is by the sea.','A1'),(698,'das Papier \\nHier sind Papier und Bleistift.','paper \\nHere is a pencil and paper.','A1'),(699,'die Papiere (pl.) \\nHaben Sie Ihre Papiere dabei?','papers \\nDo you have your papers with you?','A1'),(700,'der Partner, -/ \\nEr is mein Partner.','(male) partner \\nHe is my partner.','A1'),(701,'die Partnerin, -nen \\nSie ist meine Partnerin.','(female) partner \\nShe is my partner.','A1'),(702,'die Party \\nHeute Abend machen wir eine Party.','party \\nThis evening we are having a party.','A1'),(703,'der Pass, -ä, e \\nIm Hotel brauchst du deinen Pass.','passport \\nIn the hotel you need your passport.','A1'),(704,'die Pause, -n \\nVon 12:00 bis 12:30 Uhr haben wir Mittagspause.','break \\nFrom 12 until 12:30 pm we have a lunch break.','A1'),(705,'der Plan, -ä, e \\nIch kaufe mir einen Stadtplan.','map / plan \\nI will buy myself a map of the town.','A1'),(706,'der Platz, -ä, e \\nTut mir leid, der Platz ist besetzt.','seat \\nI’m sorry, this seat is taken.','A1'),(707,'der Platz, -ä, e \\nBitte nehmen Sie Platz!','seat \\nPlease take a seat!','A1'),(708,'der Platz, -ä, e \\nIch wohne neben dem Platz.','square \\nI live next to the square.','A1'),(709,'die Polizei \\nHolen Sie die Polizei!','police \\nCall the police!','A1'),(710,'die Pommes frites (pl.) \\nDie Kinder essen Hähnchen mit Pommes frites.','chips \\nThe children are eating chicken and chips.','A1'),(711,'die Post \\nWo ist die Post, bitte?','post office \\nWhere is the post office, please?','A1'),(712,'die Post \\nIst Post da?','post / mail \\nIs there post?','A1'),(713,'die Postleitzahl \\nWie ist Ihre Postleitzahl?','postcode \\nWhat is your postcode?','A1'),(714,'das Praktikum \\nIch mache ein Praktikum bei Siemens.','internship \\nI am doing an internship at Siemens.','A1'),(715,'die Praxis \\nDie Praxis ist ab acht Uhr geöffnet.','practice \\nThe practice is open from 8 am.','A1'),(716,'der Preis, -e \\nDie Preise sind hoch.','price \\nThe prices are high.','A1'),(717,'das Problem, -e \\nMein Problem ist die Sprache.','problem \\nMy problem is the language.','A1'),(718,'der Prospekt, -e \\nBitte schicken Sie mir einen Prospekt von Ihrem Hotel.','brochure \\nPlease send me a brochure for your hotel.','A1'),(719,'die Prüfung \\nDie Prüfung ist am Montag um 8:00 Uhr.','examination \\nThe exam is on Monday at 8 am.','A1'),(720,'pünktlich \\nDer Bus fährt pünktlich um acht Uhr.','sharp \\nThe bus leaves at 8 am sharp.','A1'),(721,'pünktlich \\nHerr Müller ist immer pünktlich.','punctual \\nMr Müller is always punctual.','A1'),(722,'Rad fahren \\nDas Kind kann schon Rad fahren.','to cycle \\nThe child can already ride a bike.','A1'),(723,'rauchen \\nIch rauche nicht.','to smoke \\nI don’t smoke.','A1'),(724,'der Raum, -ä, e \\nDer Unterricht ist in Raum 332.','room \\nThe class is in room 332.','A1'),(725,'die Rechnung, -en \\nDie Rechnung, bitte.','bill \\nThe bill, please.','A1'),(726,'rechts \\nDie Schillerstraße ist hier rechts.','right \\nSchillerstraße is on the right here.','A1'),(727,'regnen \\nHeute regnet es.','to rain \\nToday it’s raining.','A1'),(728,'der Regen \\nBei diesem Regen gehe ich nicht raus.','rain \\nI’m not going out in this rain.','A1'),(729,'der Reis \\nIch esse gern Reis.','rice \\nI like eating rice.','A1'),(730,'reisen \\nIch reise gern.','to travel \\nI like to travel.','A1'),(731,'die Reise \\nWir machen eine Reise nach Österreich.','journey / trip \\nWe are going on a trip to Austria.','A1'),(732,'das Reisebüro, -s \\nMein Mann arbeitet im Reisebüro.','travel agency \\nMy husband works at a travel agency.','A1'),(733,'der Reiseführer \\nIch kaufe mir einen Reiseführer von Berlin.','travel guide \\nI will buy myself a travel guide for Berlin.','A1'),(734,'der Reiseführer \\nUnser Reiseführer heißt Peter.','tour guide \\nOur tour guide is called Peter.','A1'),(735,'reparieren \\nEr hat das Fahrrad repariert.','to repair \\nHe repaired the bicycle.','A1'),(736,'die Reparatur \\nDie Reparatur ist sehr teuer.','repair \\nThe repair is very expensive.','A1'),(737,'das Restaurant, -s \\nWir essen heute in einem Restaurant.','restaurant \\nWe are eating at a restaurant today.','A1'),(738,'die Rezeption \\nFragen Sie bitte im Hotel an der Rezeption.','reception \\nPlease ask at the hotel reception.','A1'),(739,'richtig \\nHabe ich das richtig verstanden?','correct \\nHave I understood that correctly?','A1'),(740,'richtig \\nDas ist richtig.','right / correct \\nThat\'s right.','A1'),(741,'riechen \\nDieser Wein riecht gut.','to smell \\nThis wine smells good.','A1'),(742,'ruhig \\nIch möchte ein ruhiges Zimmer.','quiet \\nI would like a quiet room.','A1'),(743,'der Saft \\nMöchtest du einen Apfelsaft?','juice Would you like an apple juice?','A1'),(744,'sagen \\nSag mal, wie geht es dir denn?','to say / tell \\nTell me, how’s it going?','A1'),(745,'der Salat \\nWie schmeckt dir der Salat?','salad \\nHow does the salad taste?','A1'),(746,'das Salz \\nEntschuldigung, kann ich bitte das Salz haben?','salt \\nExcuse me, can I have the salt please?','A1'),(747,'der Satz, -ä, e \\nDieser Satz ist sehr einfach.','sentence \\nThis sentence is very simple.','A1'),(748,'die S-Bahn \\nIch nehme lieber die S-Bahn.','commuter train \\nI prefer to take the commuter train.','A1'),(749,'der Schalter \\nGehen Sie bitte zum Schalter drei!','counter \\nPlease go to counter 3!','A1'),(750,'scheinen \\nDie Sonne scheint.','to shine \\nThe sun is shining.','A1'),(751,'schicken \\nBitte schicken Sie mir eine E-Mail.','to send \\nPlease send me an email.','A1'),(752,'das Schild, -er \\nHaben Sie nicht das Schild gesehen?','sign \\nDid you not see the sign?','A1'),(753,'der Schinken, – \\nIch möchte gern ein Schinkenbrot.','ham \\nI would like a ham roll.','A1'),(754,'schlafen \\nIch schlafe meistens acht Stunden.','to sleep \\nI usually sleep for eight hours.','A1'),(755,'schlecht \\nMir ist schlecht!','sick \\nI am sick. NB: ill','A1'),(756,'schlecht \\nSie sehen schlecht aus.','bad \\nYou look bad.','A1'),(757,'schlecht \\nWir haben schlechtes Wetter.','bad \\nWe have bad weather.','A1'),(758,'schließen \\nBitte, schließen Sie die Tür.','to close \\nPlease close the door.','A1'),(759,'geschlossen \\nDie Bank hat am Samstag geschlossen.','closed \\nThe bank is closed on Saturday.','A1'),(760,'der Schluss \\nIch muss jetzt Schluss machen.','… I need to finish/wrap up now.','A1'),(761,'der Schluss \\nZum Schluss gibt er uns allen die Hand.','end \\nAt the end, he shakes everyone’s hand.','A1'),(762,'der Schlüssel, – \\nIch gebe Ihnen noch den Zimmerschlüssel.','key \\nI’ll give you the room key as well.','A1'),(763,'schmecken \\nSchmeckt das gut?','to taste \\nDoes that taste good?','A1'),(764,'schnell \\nEr fährt schnell.','quick / fast \\nHe drives fast.','A1'),(765,'schon \\nIst das Essen schon fertig?','already \\nIs the food done already?','A1'),(766,'schön \\nSchönen Urlaub!','lovely \\nHave a lovely holiday!','A1'),(767,'schön \\nDas ist sehr schön.','beautiful \\nThat is very beautiful.','A1'),(768,'der Schrank, -ä, e \\nDie Gläser stehen im Schrank.','cupboard \\nThe glasses are in the cupboard.','A1'),(769,'schreiben \\nEr schreibt jeden Tag fünfzig E-Mails.','to write \\nHe writes fifty emails a day.','A1'),(770,'der Schuh, -e \\nZieh die Schuhe aus!','shoe \\nTake your shoes off!','A1'),(771,'die Schule \\nMeine Tochter geht schon in die Schule.','school \\nMy daughter is already going to school.','A1'),(772,'die Schule \\nDie Schule ist gleich hier um die Ecke.','school \\nThe school is right around the corner.','A1'),(773,'der Schüler, – \\nIn meinem Kurs sind acht Schülerinnen und fünf Schüler.','pupil \\nIn my course there are 7 female pupils and 5 male pupils.','A1'),(774,'schwer \\nIst Ihr Gepäck sehr schwer?','heavy \\nIs your luggage very heavy?','A1'),(775,'schwer \\nDas ist eine schwere Arbeit.','difficult \\nThat is a very difficult job.','A1'),(776,'die Schwester, -n \\nMeine Schwester kommt am Dienstag.','sister \\nMy sister is coming on Tuesday.','A1'),(777,'schwimmen \\nIch schwimme jeden Tag einen Kilometer.','to swim \\nI swim a kilometre every day.','A1'),(778,'das Schwimmbad \\nKommst du mit ins Schwimmbad?','swimming pool \\nAre you coming to the swimming pool with us?','A1'),(779,'der See \\nKomm, wir fahren zum Starnberger See.','lake \\nCome, we’re going to Starnberg lake.','A1'),(780,'sehen \\nIch kann dich nicht sehen.','to see \\nI can’t see you.','A1'),(781,'sehen \\nIch habe diesen Jungen schon einmal gesehen.','to see \\nI have seen this boy before.','A1'),(782,'die Sehenswürdigkeit, -en \\nWelche Sehenswürdigkeiten gibt es in Frankfurt?','sights/attractions \\nWhich sights are there to see in Frankfurt?','A1'),(783,'sehr \\nDanke sehr!','very \\nThank you very much!','A1'),(784,'sehr \\nDas ist sehr schwer.','very \\nThat is very heavy. alt: That is very difficult.','A1'),(785,'sein \\nHerr Müller ist in seinem Zimmer.','his \\nMr Müller is in his room.','A1'),(786,'sein \\nMir ist kalt.','to be \\nI\'m cold.','A1'),(787,'sein \\nIch bin dreiundzwanzig.','to be \\nI am twenty three.','A1'),(788,'an sein \\nDas Licht ist noch an.','to be on \\nThe light is still on.','A1'),(789,'auf sein \\nDas Fenster ist noch auf.','to be open \\nThe window is still open.','A1'),(790,'weg sein \\nHerr Meier ist schon weg.','to be gone \\nMr Meier is already gone.','A1'),(791,'zu sein \\nDie Tür ist zu.','to be closed \\nThe door is closed.','A1'),(792,'seit \\nIch wohne seit drei Jahren in Köln.','for (an amount of time) \\nI have lived in Cologne for three years.','A1'),(793,'selbstständig \\nEr ist selbstständig.','independent \\nHe is independent.','A1'),(794,'sich \\nSie müssen sich erst anmelden.','yourself \\nYou must register yourself first.','A1'),(795,'sie \\nWie heißt sie?','she \\nWhat is her name? (What is she called?)','A1'),(796,'Sie \\nWie heißen Sie, bitte?','you (polite) \\nWhat is your name, please?','A1'),(797,'sitzen \\nWo sitzen Sie?','to sit \\nWhere are you sitting?','A1'),(798,'so \\nSie müssen das so machen!','like this \\nYou must do it like this!','A1'),(799,'so \\nFahren Sie bitte nicht so schnell!','so \\nPlease don’t drive so fast!','A1'),(800,'so \\nMeine Frau ist so groß wie ich.','as \\nMy wife is as tall as me.','A1'),(801,'so \\nSo, das war\'s/wär\'s!','so \\nSo, that\'s it!','A1'),(802,'das Sofa \\nDas Sofa ist neu.','sofa \\nThe sofa is new.','A1'),(803,'sofort \\nBitte antworten Sie sofort.','immediately \\nPlease answer immediately.','A1'),(804,'der Sohn, -ö, e \\nDas ist Hans, mein Sohn.','son \\nThat is Hans, my son.','A1'),(805,'sollen \\nSoll ich kommen?','should \\nShould/Shall I come?','A1'),(806,'sollen \\nWas soll ich mitbringen?','should \\nWhat should I bring with me?','A1'),(807,'die Sonne \\nDie Sonne scheint.','sun \\nThe sun is shining.','A1'),(808,'spät \\nEs ist schon spät, ich muss gehen.','late \\nIt is already late, I need to go.','A1'),(809,'später \\nDas können wir später machen.','later \\nWe can do that later.','A1'),(810,'die Speisekarte \\nBringen Sie mir die Speisekarte, bitte.','menu \\nBring me the menu, please.','A1'),(811,'spielen \\nDie Kinder spielen draußen.','to play \\nThe children are playing outside.','A1'),(812,'spielen \\nSpielen Sie Karten?','to play \\nDo you play cards?','A1'),(813,'der Sport \\nIch mache viel Sport.','sport \\nI do a lot of sport.','A1'),(814,'die Sprache, -n \\nWelche Sprachen sprichst du?','language \\nWhich languages do you speak?','A1'),(815,'sprechen \\nKann ich (mit) Herrn Klein sprechen?','to speak \\nCan I speak with Mr Klein?','A1'),(816,'die Stadt, -ä, e \\nHeidelberg ist eine alte Stadt.','town / city \\nHeidelberg is an old town.','A1'),(817,'stehen \\nIch glaube es nicht, aber es steht in der Zeitung.','to be (written) \\nI don’t believe it, but it says so in the paper.','A1'),(818,'stehen \\nDer Bus steht schon an der Haltestelle.','to be (located) \\nThe bus is already at the stop.','A1'),(819,'die Stelle, -n \\nIch habe eine neue Stelle.','job / position \\nI have a new job.','A1'),(820,'stellen \\nStell die Tasche rechts in die Ecke!','to put \\nPut your bag on the right in the corner.','A1'),(821,'der Stock \\nUnsere Wohnung liegt im ersten Stock.','floor (of a building) \\nOur flat is on the first floor.','A1'),(822,'die Straße, -n \\nIn welcher Straße wohnen Sie?','street \\nWhich street do you live on?','A1'),(823,'die Straßenbahn \\nWo fährt die Straßenbahn ab?','tram \\nFrom where does the tram depart?','A1'),(824,'studieren \\nIch studiere in Mainz.','to study \\nI study in Mainz.','A1'),(825,'das Studium \\nDas Studium beginnt im Oktober.','degree course \\nThe degree course begins in October.','A1'),(826,'der Student, -en \\nIch bin Studentin.','student \\nI am a (female) student.','A1'),(827,'die Stunde, -n \\nIch bin in einer Stunde zurück.','hour \\nI will be back in an hour.','A1'),(828,'suchen \\nSuchst du etwas?','to look / search for \\nAre you looking for something?','A1'),(829,'tanzen \\nTanzen Sie gern?','to dance \\nDo you like to dance?','A1'),(830,'die Tasche, -n \\nIch habe die Schlüssel in der Tasche.','bag \\nI have the key in the bag.','A1'),(831,'das Taxi, -s \\nEs gibt heute keinen Bus mehr. Er fährt mit dem Taxi.','taxi \\nThere are no more buses today. He is travelling by taxi.','A1'),(832,'der Tee \\nIch trinke morgens immer Tee.','tea \\nI always drink tea in the morning.','A1'),(833,'der Teil, -e \\nLies bitte auch den zweiten Teil.','part \\nPlease also read the second part.','A1'),(834,'telefonieren \\nDarf ich mal telefonieren?','to telephone \\nMay I make a phone call?','A1'),(835,'das Telefon \\nHaben Sie ein Telefon?','telephone \\nDo you have a telephone?','A1'),(836,'der Termin, -e \\nAm besten machen wir sofort einen Termin.','appointment \\nIt\'s best to make an appointment immediately.','A1'),(837,'der Test \\nDer Test war einfach.','test \\nThe test was simple.','A1'),(838,'teuer \\nDas ist mir zu teuer.','expensive \\nThat is too expensive for me.','A1'),(839,'der Text, -e \\nLesen Sie bitte diesen Text.','text \\nPlease read this text.','A1'),(840,'das Thema \\nWir sprechen heute über das Thema „Essen und Trinken\'.','topic \\nToday we are talking about the topic \'Food and Drink\'.','A1'),(841,'das Ticket, -s \\nWie viel kostet das Ticket?','ticket \\nHow much does the ticket cost?','A1'),(842,'der Tisch, -e \\nDie Fotos liegen auf dem Tisch.','table \\nThe photos are on the table.','A1'),(843,'die Tochter, -ö \\nDas ist meine Tochter Katharina.','daughter \\nThat is my daughter Katharina.','A1'),(844,'die Toilette, -en \\nWo ist die Toilette, bitte?','toilet \\nWhere is the toilet, please?','A1'),(845,'die Tomate, -n \\nDie Tomate ist noch grün.','tomato \\nThe tomato is still green.','A1'),(846,'tot \\nSein Vater ist schon lange tot.','dead \\nHis father has been dead for a long time.','A1'),(847,'(sich) treffen \\nIch treffe in der Stadt einen Kollegen.','to meet \\nI am meeting a colleague in town. NB: male','A1'),(848,'(sich) treffen \\nWir treffen uns immer freitags.','to meet \\nWe always meet on Fridays.','A1'),(849,'die Treppe, -n \\nDie Toilette? Die Treppe hoch und dann links.','stairs \\nThe toilet? Up the stairs and then left.','A1'),(850,'trinken \\nMöchtest du etwas trinken?','to drink \\nWould you like something to drink?','A1'),(851,'tschüss \\nJunge Leute sagen meistens „tschüss!\' und nicht „auf Wiedersehen\'.','... Young people mostly say \'tschüss!\' and not \'auf Wiedersehen\'.','A1'),(852,'tun \\nIch habe noch etwas zu tun.','to do \\nI still have something to do.','A1'),(853,'tun \\nWas tut Ihr Mann?','to do \\nWhat does your husband do? NB: very broad question','A1'),(854,'über \\nGehen Sie hier über die Straße.','across \\nGo across the street here.','A1'),(855,'über \\nEr wohnt im zweiten Stock über Familie Meier.','above \\nHe lives on the second floor above the Meier family.','A1'),(856,'über \\nSind Sie über 18?','over \\nAre you over 18?','A1'),(857,'übernachten \\nDu kannst bei mir übernachten.','to stay overnight \\nYou can stay at mine overnight.','A1'),(858,'überweisen \\nSie können das Geld auch überweisen.','to transfer \\nYou can also transfer the money.','A1'),(859,'die Uhr \\nEs ist vier Uhr.','o\'clock / am / pm \\nIt is four o’clock.','A1'),(860,'um Er kommt um sieben Uhr.','at \\nHe is coming at seven o’clock.','A1'),(861,'um \\nDa kommt er gerade um die Ecke.','around \\nHere he comes around the corner now.','A1'),(862,'umziehen \\nNächsten Monat ziehen wir um.','to move (residence) \\nNext month we are moving.','A1'),(863,'und \\nPeter und Helmut sind meine Söhne.','and \\nPeter and Helmut are my sons.','A1'),(864,'unser- \\nDas ist unsere Lehrerin.','our \\nThat is our teacher. NB: female','A1'),(865,'unten \\nEr wohnt ganz unten im Haus.','at the bottom \\nHe lives right at the bottom of the house.','A1'),(866,'unter \\nUnter uns wohnt eine Familie mit drei Kindern.','below \\nBelow us lives a family with three children.','A1'),(867,'der Unterricht \\nWir haben Unterricht von 8:00 bis 12:00 Uhr.','class \\nWe have classes from 8 am until 12 pm.','A1'),(868,'unterschreiben \\nWo muss ich unterschreiben?','to sign \\nWhere do I need to sign?','A1'),(869,'die Unterschrift \\nHier fehlt noch Ihre Unterschrift.','signature \\nYour signature is missing here.','A1'),(870,'der Urlaub \\nIch nehme im September Urlaub.','holiday \\nI’m taking holiday in September.','A1'),(871,'der Vater, -ä \\nMein Vater ist Arbeiter.','father \\nMy father is a worker.','A1'),(872,'verboten \\nHier ist Rauchen verboten.','forbidden \\nSmoking is forbidden here.','A1'),(873,'verdienen \\nIch verdiene 1.500 Euro im Monat.','to earn \\nI earn 1,500 euros per month.','A1'),(874,'der Verein \\nEs gibt einen neuen Sportverein in der Stadt.','club \\nThere is a new sports club in the town.','A1'),(875,'verheiratet \\nIch bin verheiratet und habe drei Kinder.','married \\nI am married and have three children.','A1'),(876,'verkaufen \\nEr verkauft sein altes Auto.','to sell \\nHe is selling his old car.','A1'),(877,'der Verkäufer, – \\nMeine Mutter ist Verkäuferin im Kaufhaus.','salesperson \\nMy mother is a saleswoman in a department store.','A1'),(878,'vermieten \\nDie Wohnung ist schon vermietet.','to rent out \\nThe flat is already rented out.','A1'),(879,'der Vermieter \\nUnser Vermieter heißt Huber. Er wohnt auch hier.','landlord \\nOur landlord is called Huber. He lives here, too.','A1'),(880,'verstehen \\nKönnen Sie mich verstehen?','to understand \\nCan you understand me?','A1'),(881,'der Verwandte, -n \\nPeter besucht seine Verwandten in Polen.','relative \\nPeter visits his relatives in Poland.','A1'),(882,'viel \\nHier regnet es viel.','a lot \\nIt rains a lot here.','A1'),(883,'vielleicht \\nIch komme vielleicht mit dem Bus.','perhaps / may(be) \\nI may come by bus.','A1'),(884,'von \\nDas Auto von Felix ist kaputt.','of (possessive \'s\') \\nFelix’s car is broken.','A1'),(885,'von \\nEr kommt gerade von Köln/von zu Hause.','from \\nHe’s coming from Cologne/home now.','A1'),(886,'vor \\nDer Termin war vor einer Stunde.','ago \\nThe appointment was an hour ago.','A1'),(887,'vor \\nDas Auto steht vor der Tür.','in front of \\nThe car is in front of the door.','A1'),(888,'der Vorname, -n \\nIch heiße Müller, mein Vorname ist Eva.','first name \\nI’m called Müller, my first name is Eva.','A1'),(889,'die Vorsicht \\nVorsicht! Da kommt ein Auto.','… Careful! There’s a car coming.','A1'),(890,'die Vorsicht \\nEr arbeitet mit Vorsicht.','attention \\nHe works with caution.','A1'),(891,'(sich) vorstellen \\nWir wollen uns kennenlernen. Können Sie sich bitte vorstellen?','to introduce \\nWe would like to get to know each other. Can you introduce yourself?','A1'),(892,'die Vorwahl \\nWie ist die Vorwahl von München?','area code \\nWhat is the area code for Munich?','A1'),(893,'wandern \\nWir wandern um den Chiemsee.','to hike \\nWe are hiking around the Chiem lake.','A1'),(894,'wann \\nWann bist du fertig?','when \\nWhen will you be finished?','A1'),(895,'wann \\nWann kann ich Sie anrufen?','when \\nWhen can I call you?','A1'),(896,'wann \\nWann sind Sie geboren?','when \\nWhen were you born?','A1'),(897,'warten \\nKönnen Sie ein paar Minuten warten?','to wait \\nCan you wait a few minutes?','A1'),(898,'warten \\nAuf wen warten Sie?','to wait \\nWho are you waiting for?','A1'),(899,'warum \\nWarum kommt er nicht?','why \\nWhy isn’t he coming?','A1'),(900,'was \\nWas ist das?','what \\nWhat is that?','A1'),(901,'was \\nWas möchten Sie?','what \\nWhat would you like?','A1'),(902,'was für ein \\nWas für eine Farbe möchten Sie?','what kind of \\nWhat colour would you like?','A1'),(903,'(sich) waschen \\nWo kann ich mir die Hände waschen?','to wash \\nWhere can I wash my hands?','A1'),(904,'(sich) waschen \\nIch muss morgen waschen.','to wash \\nI need to do laundry tomorrow.','A1'),(905,'das Wasser \\nEin Glas Wasser, bitte.','water \\nA glass of water, please.','A1'),(906,'weh tun \\nIch muss zum Arzt. Mein Bein tut weh.','to hurt \\nI need to go to the doctor. My leg hurts.','A1'),(907,'weiblich \\nKreuzen Sie bitte an: „weiblich\' oder „männlich\'.','female \\nPlease tick \'female\' or \'male\'.','A1'),(908,'der Wein \\nNein danke, ich möchte keinen Wein.','wine \\nNo thank you, I don’t want any wine.','A1'),(909,'weit \\nZum Bahnhof ist es nicht weit.','far \\nIt is not far to the station.','A1'),(910,'weiter \\nDer Bus fährt nicht weiter.','further \\nThe bus doesn’t go any further.','A1'),(911,'welch- \\nWelches Buch möchtest du?','which \\nWhich book would you like?','A1'),(912,'die Welt \\nEs gibt viele Probleme auf der Welt.','world \\nThere are many problems in the world.','A1'),(913,'wenig \\nIch habe leider nur wenig verstanden.','little / not very much \\nUnfortunately I didn\'t understand very much.','A1'),(914,'wenig \\nEr verdient wenig.','little \\nHe earns little.','A1'),(915,'wer \\nWer ist das?','who \\nWho is that?','A1'),(916,'werden \\nMein Sohn will Arzt werden.','to become \\nMy son wants to become a doctor.','A1'),(917,'das Wetter \\nWir hatten schlechtes Wetter.','weather \\nWe had bad weather.','A1'),(918,'wichtig \\nDieses Formular ist sehr wichtig.','important \\nThis form is very important.','A1'),(919,'wie \\nWie heißt du?','what \\nWhat are you called?','A1'),(920,'wie \\nEr schreibt wie ein Kind.','like \\nHe writes like a child.','A1'),(921,'wie \\nMeine Frau ist so groß wie ich.','as \\nMy wife is as tall as me.','A1'),(922,'wie \\nWie soll ich das machen?','how \\nHow should I do that?','A1'),(923,'wie \\nWie groß ist die Wohnung?','how \\nHow big is the flat?','A1'),(924,'wie \\nWie bitte?','… Pardon?','A1'),(925,'wie \\nWie lange bist du schon hier?','how \\nHow long have you been here already?','A1'),(926,'wiederholen \\nKönnen Sie das bitte wiederholen?','to repeat \\nCan you repeat that, please?','A1'),(927,'das Wiederhören \\nAuf Wiederhören!','… Goodbye! NB: used on the telephone','A1'),(928,'das Wiedersehen \\nAuf Wiedersehen!','… Goodbye! lit: \'until we see each other again\'','A1'),(929,'wie viel \\nWie viel Milch nehmen Sie?','how much \\nHow much milk do you take?','A1'),(930,'willkommen \\nHerzlich willkommen!','… Welcome!','A1'),(931,'der Wind \\nDer Wind kommt aus Osten.','wind \\nThe wind is coming from the east.','A1'),(932,'wir \\nWir lernen Deutsch.','we \\nWe are learning German.','A1'),(933,'wissen \\nWeißt du, wie er heißt?','to know \\nDo you know what he is called?','A1'),(934,'wo \\nWo waren Sie im Urlaub?','where \\nWhere were you on holiday?','A1'),(935,'wo \\nWo ist die Post?','where \\nWhere is the post office?','A1'),(936,'wo \\nWo sind Sie geboren?','where \\nWhere were you born?','A1'),(937,'woher \\nWoher kommen Sie?','from where \\nWhere do you come from?','A1'),(938,'wohin \\nWohin fährt dieser Bus?','to where \\nWhere does this bus go?','A1'),(939,'wohin \\nWohin wollen Sie am Wochenende?','to where \\nWhere do you want to go this weekend?','A1'),(940,'wohnen \\nIch wohne in München.','to live \\nI live in Munich.','A1'),(941,'die Wohnung, -en \\nSeit wann haben Sie diese Wohnung?','appartment \\nHow long have you had this flat? NB: for how long...?','A1'),(942,'wollen \\nWollen Sie einen Kaffee trinken?','to want \\nDo you want to get a coffee?','A1'),(943,'das Wort, -ö, er/-e \\nIch kenne das Wort nicht.','word \\nI don’t know that word.','A1'),(944,'wunderbar \\nDas Essen schmeckt wunderbar.','wonderful \\nThe food tastes wonderful.','A1'),(945,'zahlen \\nWir möchten zahlen, bitte!','to pay \\nWe’d like to pay, please!','A1'),(946,'die Zeit \\nIch habe heute keine Zeit.','time \\nI have no time today','A1'),(947,'zurzeit \\nZurzeit habe ich sehr viel zu tun.','at the moment \\nI have a lot to do at the moment.','A1'),(948,'die Zeitung, -en \\nIch lese gern Zeitung.','newspaper \\nI like to read the newspaper.','A1'),(949,'die Zigarette, -n \\nWie teuer sind die Zigaretten?','cigarette \\nHow expensive are the cigarettes?','A1'),(950,'das Zimmer, – \\nDas Zimmer ist groß.','room \\nThe room is large.','A1'),(951,'das Zimmer, – \\nÖffne im Schlafzimmer das Fenster, bitte!','room \\nOpen the window in the bedroom, please!','A1'),(952,'das Zimmer, – \\nDie Wohnung hat drei Zimmer.','room \\nThe flat has three rooms.','A1'),(953,'das Zimmer, – \\nIch habe ein Zimmer gebucht.','room \\nI have booked a room.','A1'),(954,'der Zoll \\nWir müssen noch durch den Zoll.','customs \\nWe still need to go through customs.','A1'),(955,'zu \\nDer Bus fährt zum Bahnhof.','to \\nThe bus goes to the station.','A1'),(956,'zu \\nIch gehe zu Fuß.','by \\nI will go by foot.','A1'),(957,'zu \\nIch bin zu Hause.','at \\nI am at home.','A1'),(958,'zufrieden \\nIch bin mit der Wohnung zufrieden.','happy \\nI am happy with the flat.','A1'),(959,'der Zug, -ü, e \\nIch fahre gern mit dem Zug.','train \\nI like to travel by train.','A1'),(960,'zurück \\nEinmal Frankfurt und zurück.','return \\nA return to Frankfurt.','A1'),(961,'zurück \\nWann kommst du zurück?','back \\nWhen are you coming back?','A1'),(962,'zusammen \\nSollen wir zusammen essen gehen?','together \\nShould we go out to eat together?','A1'),(963,'zusammen \\nDas macht zusammen 2 Euro 80.','together \\nTogether that comes to 2 euros 80.','A1'),(964,'zwischen \\nHeidelberg liegt zwischen Frankfurt und Stuttgart.','between \\nHeidelberg is located between Frankfurt and Stuttgart.','A1'),(965,'ängstlich','fearful/anxious/afraid','A2'),(966,'sich ärgern über','to be annoyed about something/ with someone','A2'),(967,'dankbar','grateful/thankful','A2'),(968,'sich freuen über','to be happy/pleased/excited about something','A2'),(969,'Glück','luck/happiness','A2'),(970,'glücklich','happy','A2'),(971,'sich interessieren für','to be interested in','A2'),(972,'leidtun','to feel sorry for someone/about something','A2'),(973,'Liebe','love','A2'),(974,'traurig','sad','A2'),(975,'überrascht','surprised','A2'),(976,'Überraschung','surprise','A2'),(977,'Unglück','misfortune/bad luck/disaster/harm/accident','A2'),(978,'verliebt','in love','A2'),(979,'sich wundern über','to be amazed/surprised at/about something','A2'),(980,'wütend','furious','A2'),(981,'zufrieden','satisfied','A2'),(982,'unmöglich','impossible','A2'),(983,'sich erholen von','to recover from','A2'),(984,'Freude','joy/pleasure','A2'),(985,'fröhlich','cheerful','A2'),(986,'sich konzentrieren auf','to concentrate/focus on','A2'),(987,'lächeln','to smile','A2'),(988,'lachen','to laugh','A2'),(989,'lustig','funny','A2'),(990,'verrückt','crazy','A2'),(991,'Dankbarkeit','gratitude','A2'),(992,'enttäuscht von','disappointed by','A2'),(993,'Gefühl','feeling','A2'),(994,'genervt von','irritated/annoyed by','A2'),(995,'geschockt von','shocked by','A2'),(996,'gestresst von','stressed by','A2'),(997,'interessiert an','interested in','A2'),(998,'Konflikt','conflict','A2'),(999,'sauer auf','to be angry at someone/something','A2'),(1000,'Streit','dispute','A2'),(1001,'sich verabreden mit','to make an appointment with someone','A2'),(1002,'Bürste','brush','A2'),(1003,'Creme','cream','A2'),(1004,'Dose','can','A2'),(1005,'','to apply cream (to oneself)','A2'),(1006,'gefährlich','dangerous','A2'),(1007,'Gesicht','face','A2'),(1008,'Haut','skin','A2'),(1009,'Holz','wood','A2'),(1010,'Kamm','comb','A2'),(1011,'Körperpflege','personal hygiene','A2'),(1012,'Kosmetik','cosmetics','A2'),(1013,'Make-up','make-up','A2'),(1014,'nachhaltig','sustainable','A2'),(1015,'Nagel','nail','A2'),(1016,'Parfüm','perfume','A2'),(1017,'praktisch','practical','A2'),(1018,'Produkt','product','A2'),(1019,'produzieren','to produce','A2'),(1020,'Umwelt','environment','A2'),(1021,'Verpackung','packaging','A2'),(1022,'wiederverwenden','to reuse','A2'),(1023,'flüssig','liquid/fluid','A2'),(1024,'fest','solid','A2'),(1025,'die Haare schneiden','to get a haircut','A2'),(1026,'Körper','body','A2'),(1027,'Humor','humour','A2'),(1028,'Schönheit','beauty','A2'),(1029,'sich wohlfühlen','to feel good','A2'),(1030,'dick','fat','A2'),(1031,'dünn','thin','A2'),(1032,'unglücklich','unhappy','A2'),(1033,'gute/ schlechte Laune haben','to be in a good / bad mood','A2'),(1034,'beraten','to advise','A2'),(1035,'Friseur','hairdresser','A2'),(1036,'Mode','fashion','A2'),(1037,'operieren','to operate','A2'),(1038,'reinigen','to clean','A2'),(1039,'Alkohol','alcohol','A2'),(1040,'Anfrage','query/enquiry','A2'),(1041,'Angebot','offer','A2'),(1042,'Baby','baby','A2'),(1043,'Besteck','cutlery','A2'),(1044,'Bohne','bean','A2'),(1045,'Büfett','buffet','A2'),(1046,'Abendkasse','box office','A2'),(1047,'abholen','to collect','A2'),(1048,'aktuell','current','A2'),(1049,'anklicken','to click','A2'),(1050,'App','app','A2'),(1051,'aussuchen','to choose','A2'),(1052,'Benutzername','user name','A2'),(1053,'chatten','to chat','A2'),(1054,'Datei','file','A2'),(1055,'diskutieren','to discuss','A2'),(1056,'drucken','to print','A2'),(1057,'empfehlen','to recommend','A2'),(1058,'Empfehlung','recommendation','A2'),(1059,'flirten','to flirt','A2'),(1060,'Flohmarkt','flea market','A2'),(1061,'Forum','forum','A2'),(1062,'funktionieren','to work','A2'),(1063,'gebraucht','used','A2'),(1064,'googeln','to google','A2'),(1065,'herausfinden','to find out','A2'),(1066,'herunterladen','to download','A2'),(1067,'hochladen','to upload','A2'),(1068,'informieren','to inform','A2'),(1069,'Internet','Internet','A2'),(1070,'Kennwort','password','A2'),(1071,'Kommentar','comment','A2'),(1072,'kostenlos','free of charge','A2'),(1073,'löschen','to delete','A2'),(1074,'mailen','to mail','A2'),(1075,'mitmachen','to participate','A2'),(1076,'nachschauen','to look up','A2'),(1077,'nervös','nervous','A2'),(1078,'Newsletter','newsletter','A2'),(1079,'reservieren','to book','A2'),(1080,'Reservierung','booking','A2'),(1081,'speichern','to save','A2'),(1082,'Startseite','homepage','A2'),(1083,'Symbol','symbol','A2'),(1084,'tauschen','to swap','A2'),(1085,'Veranstaltung','event','A2'),(1086,'Vorschlag','suggestion','A2'),(1087,'Wettervorhersage','weather forecast','A2'),(1088,'zuhören','to listen','A2'),(1089,'zuschauen','to watch','A2'),(1090,'abfahren','to depart','A2'),(1091,'Abfahrt','departure','A2'),(1092,'ankommen','to arrive','A2'),(1093,'Ankunft','arrival','A2'),(1094,'Anschluss','connection','A2'),(1095,'Anschlusszug','connecting train','A2'),(1096,'ausfallen','to be cancelled','A2'),(1097,'aussteigen','to get out','A2'),(1098,'Automat','vending machine','A2'),(1099,'Bahnsteig','platform','A2'),(1100,'buchen','to book','A2'),(1101,'defekt','defective','A2'),(1102,'einsteigen','to board','A2'),(1103,'erreichen','to reach','A2'),(1104,'Fahrkartenschalter','ticket office','A2'),(1105,'Fahrplan','schedule','A2'),(1106,'Fernbus','long-distance bus','A2'),(1107,'fliegen','to fly','A2'),(1108,'Flugzeug','plane','A2'),(1109,'Halt','stop','A2'),(1110,'Hinfahrt','journey there','A2'),(1111,'mitnehmen','to take with','A2'),(1112,'planmäßig','on schedule','A2'),(1113,'Rückfahrt','return journey','A2'),(1114,'Schild','sign','A2'),(1115,'schwarzfahren','to fare-dodge','A2'),(1116,'schwierig','difficult','A2'),(1117,'Störung','disruption','A2'),(1118,'Strafe','penalty','A2'),(1119,'Strecke','route','A2'),(1120,'umsteigen','to change trains','A2'),(1121,'verpassen','to miss','A2'),(1122,'verschlafen','to oversleep','A2'),(1123,'verspätet','late','A2'),(1124,'Verspätung','delay','A2'),(1125,'ablesen','to read from','A2'),(1126,'ausziehen','to move out','A2'),(1127,'beachten','to consider','A2'),(1128,'Beschwerde','complaint','A2'),(1129,'besichtigen','to visit','A2'),(1130,'Einbauküche','built-in kitchen','A2'),(1131,'einrichten','to furnish','A2'),(1132,'Einweihungsparty','housewarming party','A2'),(1133,'einziehen','to move in','A2'),(1134,'entsorgen','to dispose of','A2'),(1135,'Hausordnung','house rules','A2'),(1136,'Hausverwaltung','property management','A2'),(1137,'kündigen','to terminate','A2'),(1138,'Mieter/in','tenant','A2'),(1139,'Mitbewohner/in','roommate','A2'),(1140,'Müllabfuhr','garbage disposal','A2'),(1141,'Nachbarschaft','neighbourhood','A2'),(1142,'trennen','to separate','A2'),(1143,'Treppenhaus','stairway','A2'),(1144,'umziehen','to move','A2'),(1145,'Umzug','move','A2'),(1146,'Umzugskarton','moving box','A2'),(1147,'vereinbaren','to arrange','A2'),(1148,'Vermieter/in','landlord','A2'),(1149,'vermieten','to let','A2'),(1150,'Wohnungsbesichtigung','flat viewing','A2'),(1151,'anstrengend','strenuous/tiring/stressful','A2'),(1152,'bequem','comfortable','A2'),(1153,'Bibliothek','library','A2'),(1154,'Garage','garage','A2'),(1155,'Inserat','advertisement','A2'),(1156,'Mietvertrag','lease, rental/leasing/tenancy contract/agreement','A2'),(1157,'Mitbewohner','housemate','A2'),(1158,'möbliert','furnished','A2'),(1159,'Raum','room/space','A2'),(1160,'renoviert','renovated','A2'),(1161,'sauber','clean','A2'),(1162,'Schlüssel','key','A2'),(1163,'Stockwerk','storey','A2'),(1164,'Studierendenwohnheim','(student) hall of residence/student hostel','A2'),(1165,'Wäsche','laundry','A2'),(1166,'hängen','to hang','A2'),(1167,'legen','to lay/place/put','A2'),(1168,'setzen','to set/place/put','A2'),(1169,'Wand','wall','A2'),(1170,'einpacken','to pack/wrap','A2'),(1171,'auspacken','to unpack/unwrap','A2'),(1172,'Lärm','noise','A2'),(1173,'Nachtruhe','sleep','A2'),(1174,'nervig','annoying/irritating','A2'),(1175,'den Müll trennen','to separate the waste/rubbish/trash/garbage','A2'),(1176,'Aussprache','pronunciation','A2'),(1177,'aussprechen','to pronounce','A2'),(1178,'Bildschirm','screen','A2'),(1179,'E-Book','ebook','A2'),(1180,'Fach','subject/compartment','A2'),(1181,'Fremdsprache','foreign language','A2'),(1182,'Gymnasium','grammar school','A2'),(1183,'Kindheit','childhood','A2'),(1184,'PC','PC','A2'),(1185,'Smartphone','smartphone','A2'),(1186,'streng','severe/strict','A2'),(1187,'verwenden','to use','A2'),(1188,'Webseite','website','A2'),(1189,'Zeugnis','testimony/certificate/report','A2'),(1190,'eine Prüfung bestehen','to pass an exam','A2'),(1191,'klingeln','to ring/go off','A2'),(1192,'schimpfen','to tell off/scold','A2'),(1193,'sich erinnern','to remember','A2'),(1194,'ausschalten','to turn off/switch off','A2'),(1195,'einschalten','to turn on/switch on','A2'),(1196,'Grundschule','primary school','A2'),(1197,'fleißig','diligent/hard-working','A2'),(1198,'intelligent','intelligent','A2'),(1199,'Kindertagesstätte = Kita','day nursery/nursery school','A2'),(1200,'Passwort','password','A2'),(1201,'verbieten','to prohibit/forbid/ban','A2'),(1202,'Aufenthaltserlaubnis','residence permit','A2'),(1203,'Bargeld','cash','A2'),(1204,'benötigen','to require/need','A2'),(1205,'Betrag','amount (money)','A2'),(1206,'Filiale','branch','A2'),(1207,'Münze','coin','A2'),(1208,'Onlinebanking','online banking','A2'),(1209,'Rente','pension','A2'),(1210,'Sicherheit','safety/security','A2'),(1211,'überweisen','to transfer','A2'),(1212,'Überweisung','transfer','A2'),(1213,'wechseln','to change (money)','A2'),(1214,'Geld ausgeben','to spend money','A2'),(1215,'Geld sparen','to save money','A2'),(1216,'Geld abheben','to withdraw money/take (some) money out','A2'),(1217,'ein Konto eröffnen','to open an account','A2'),(1218,'Geld einzahlen','to deposit money/put (some) money in','A2'),(1219,'einen Kredit aufnehmen','to take out a loan','A2'),(1220,'Unterschied','difference','A2'),(1221,'vergleichen','to compare','A2'),(1222,'Zukunft','future','A2'),(1223,'Vorteil','advantage','A2'),(1224,'Nachteil','disadvantage','A2'),(1225,'Anbieter','provider','A2'),(1226,'Arbeitgeber','employer','A2'),(1227,'Bürger','citizen','A2'),(1228,'Krankenkasse','health insurance','A2'),(1229,'Mitglied','member','A2'),(1230,'regelmäßig','regular','A2'),(1231,'Sozialversicherung','social security','A2'),(1232,'verlieren','to lose','A2'),(1233,'Versicherung','insurance','A2'),(1234,'zahlen','to pay','A2'),(1235,'die Kosten übernehmen','to cover the costs','A2'),(1236,'Accessoires','accessories','A2'),(1237,'anhaben','to be wearing','A2'),(1238,'Ausrüstung','equipment','A2'),(1239,'Badesachen','swimwear','A2'),(1240,'Bekleidung','clothing','A2'),(1241,'blond','blond','A2'),(1242,'bummeln','to stroll','A2'),(1243,'bunt','colourful','A2'),(1244,'Camping','camping','A2'),(1245,'Duschgel','shower gel','A2'),(1246,'einfarbig','monochromatic','A2'),(1247,'Elektronik','electronics','A2'),(1248,'fantastisch','fantastic','A2'),(1249,'Fast Food','fast food','A2'),(1250,'Flipflops','flip flops','A2'),(1251,'gepunktet','spotty','A2'),(1252,'gestreift','striped','A2'),(1253,'glatt','smooth','A2'),(1254,'Glatze','bald head','A2'),(1255,'Gold','gold','A2'),(1256,'Gürtel','belt','A2'),(1257,'hübsch','pretty','A2'),(1258,'Kamera','camera','A2'),(1259,'kariert','checkered','A2'),(1260,'Kompliment','compliment','A2'),(1261,'Kopfhörer','headphones','A2'),(1262,'Krawatte','tie','A2'),(1263,'Küchengerät','kitchen appliance','A2'),(1264,'lockig','curly','A2'),(1265,'Modegeschäft','fashion shop','A2'),(1266,'Navigationsgerät','navigation device','A2'),(1267,'Ofen','oven','A2'),(1268,'Ohrring','earring','A2'),(1269,'Pfanne','pan','A2'),(1270,'Schaufenster','shop window','A2'),(1271,'schick','chic','A2'),(1272,'schlank','slim','A2'),(1273,'Schmuck','jewellry','A2'),(1274,'Schnäppchen','deal','A2'),(1275,'Schnurrbart','moustache','A2'),(1276,'Shorts','shorts','A2'),(1277,'Silber','silver','A2'),(1278,'Stiefel','boot','A2'),(1279,'Tattoo','tattoo','A2'),(1280,'Toaster','toaster','A2'),(1281,'Unterwäsche','underwear','A2'),(1282,'wandern','to hike','A2'),(1283,'Wanderschuh','hiking shoes','A2'),(1284,'Wecker','alarm','A2'),(1285,'Abteilung','department','A2'),(1286,'Anruf','call','A2'),(1287,'Arbeitsvertrag','work contract','A2'),(1288,'Aufzug','lift','A2'),(1289,'Besprechung','meeting','A2'),(1290,'Brand','fire','A2'),(1291,'Brandfall','case of fire','A2'),(1292,'Brandmelder','fire alarm','A2'),(1293,'Brandschutz','fire prevention','A2'),(1294,'brennen','to burn','A2'),(1295,'Buchhaltung','accountant','A2'),(1296,'Einweisung','instruction','A2'),(1297,'Feuerlöscher','fire extinguisher','A2'),(1298,'Flamme','flame','A2'),(1299,'gesund','healthy','A2'),(1300,'Grafik','graphics','A2'),(1301,'höflich','polite','A2'),(1302,'Internetzugang','internet access','A2'),(1303,'Kerze','candle','A2'),(1304,'Konto','account','A2'),(1305,'kopieren','to copy','A2'),(1306,'Kundenbetreuung','customer support','A2'),(1307,'Laptop','laptop','A2'),(1308,'Marketing','marketing','A2'),(1309,'Personalabteilung','personnel department','A2'),(1310,'Protokoll','protocol','A2'),(1311,'Regel','rule','A2'),(1312,'Steckdose','socket','A2'),(1313,'Steuer','tax','A2'),(1314,'verbessern','to improve','A2'),(1315,'verboten','to forbid','A2'),(1316,'Vorschrift','regulation','A2'),(1317,'Werbeagentur','marketing agency','A2'),(1318,'aggressiv','aggressive','A2'),(1319,'Angst','fear','A2'),(1320,'aufpassen','to watch out','A2'),(1321,'Begrüßung','greeting','A2'),(1322,'Bericht','report','A2'),(1323,'Berufswunsch','career aspiration','A2'),(1324,'Biologie','biology','A2'),(1325,'Chemie','chemistry','A2'),(1326,'Elternabend','parent\'s evening','A2'),(1327,'Elternsprechtag','parent-teacher day','A2'),(1328,'Erdkunde','geography','A2'),(1329,'Gesamtschule','comprehensive school','A2'),(1330,'Geschichte','history','A2'),(1331,'Hauptschule','secondary school','A2'),(1332,'Klasse','class','A2'),(1333,'Klassenarbeit','classwork','A2'),(1334,'Kunst','art','A2'),(1335,'Lieblingsfach','favourite subject','A2'),(1336,'Meinung','opinion','A2'),(1337,'Nachhilfe','private tuition','A2'),(1338,'Note','mark','A2'),(1339,'Oberschule','secondary school','A2'),(1340,'Pflicht','duty','A2'),(1341,'Physik','physics','A2'),(1342,'Realschule','secondary modern school','A2'),(1343,'Religion','religious studies','A2'),(1344,'Schulform','type of school','A2'),(1345,'Schulleiter/in','headteacher','A2'),(1346,'Schulpflicht','compulsory school attendance','A2'),(1347,'Schulsystem','school system','A2'),(1348,'Sportunterricht','sports lessons','A2'),(1349,'Teenager','teenager','A2'),(1350,'teilnehmen','to take part','A2'),(1351,'träumen','to dream','A2'),(1352,'unfair','unfair','A2'),(1353,'Uniform','uniform','A2');
/*!40000 ALTER TABLE `quiz_vocabulary` ENABLE KEYS */;
UNLOCK TABLES;
/*!40103 SET TIME_ZONE=@OLD_TIME_ZONE */;

/*!40101 SET SQL_MODE=@OLD_SQL_MODE */;
/*!40014 SET FOREIGN_KEY_CHECKS=@OLD_FOREIGN_KEY_CHECKS */;
/*!40014 SET UNIQUE_CHECKS=@OLD_UNIQUE_CHECKS */;
/*!40101 SET CHARACTER_SET_CLIENT=@OLD_CHARACTER_SET_CLIENT */;
/*!40101 SET CHARACTER_SET_RESULTS=@OLD_CHARACTER_SET_RESULTS */;
/*!40101 SET COLLATION_CONNECTION=@OLD_COLLATION_CONNECTION */;
/*!40111 SET SQL_NOTES=@OLD_SQL_NOTES */;

-- Dump completed on 2026-01-09 18:42:28
